,brand,model,screen_size(Inches),cpu,ram(GB),operating_system,rating,price($)
2,MSI,Vector GP66 12UGS-267,15.66,Intel Core i9,32,Windows 11 Home,5.0,1599.0
3,Apple,MacBook Air,13.3,Unknown,8,Mac OS,4.8,689.99
4,Apple,MacBook Air,15.3,Unknown,8,Mac OS,4.8,1144.48
5,Acer,A315-24P-R7VH,15.6,Ryzen 3,8,Windows 11 S,4.5,299.99
6,Apple,MacBook Pro,13.3,Unknown,8,Mac OS,4.7,965.08
7,Acer,CB315-3HT,15.6,Celeron N4020,4,Chrome OS,4.4,239.99
8,ASUS,ROG Strix G16,16.0,Core i7,16,Windows 11 Home,4.4,1274.03
9,acer,A515-56-347N,15.6,Core I3 1115G4,8,Windows 11 S,4.3,299.99
10,acer,AN515-58-57Y8,15.6,Core i5,16,Windows 11 Home,4.4,814.77
11,HP,Notebook,14.0,Ryzen 3 3250U,16,Windows 11,4.4,379.99
15,acer,Nitro 17,17.3,AMD Ryzen 7,16,Windows 11 Home,4.4,1199.99
16,HP,hp laptop,15.6,Intel Core i3,16,Windows 11 Home,4.2,473.0
18,ASUS,FX506HF-ES51,15.6,Core i5,8,Windows 11 Home,4.5,699.99
19,MSI,Thin GF63 12VE-066US,15.6,Core i7,16,Windows 11 Home,4.5,938.0
20,Lenovo,IdeaPad 3 81X800ENUS,15.6,Core i3,20,Windows 11,4.3,419.0
21,Lenovo,IdeaPad Gaming 3,15.6,Ryzen 5,8,Windows 11 Home,4.3,801.96
22,ASUS,ROG Strix G16,16.0,Intel Core i9,16,Windows 11 Home,4.5,1799.99
23,HP,Chromebook 14a-na0226nr,14.0,Celeron,4,Chrome OS,4.4,249.0
24,HP,TPN-I139_320M3AV,17.3,Core i3 Family,32,Windows 11 Home,4.6,510.0
25,HP,i5 12th Gen 15-dy5399nr,15.6,Core i5,16,Windows 11 Home,4.3,527.15
26,ASUS,ROG Strix G16,16.0,Core i9,32,Windows 11 Pro,4.3,2199.0
27,MSI,Stealth GS66 12UGS-025,15.6,Intel Core i9,32,Windows 11 Home,1.0,1699.0
31,MSI,Vector GP66 12UGS-267,15.66,Intel Core i9,32,Windows 11 Home,5.0,1599.0
32,Lenovo,IdeaPad,14.0,Core i3 Family,20,Windows 11 Home,4.3,359.0
33,HP,HP Chromebook,14.0,Celeron N,4,Chrome OS,3.8,209.99
34,Lenovo,Ideapad 3i,15.6,Core i5,8,Windows 11 Pro,4.5,637.35
35,Dell,Inspiron,15.6,Celeron N4020,16,Windows 11 Home,4.1,439.0
36,acer,CP314-1H-P1Q5,14.0,Pentium,8,Chrome OS,4.3,372.66
37,MSI,Katana 15 B13VGK-484US,15.6,Core i7,16,Windows 11 Home,4.3,1429.0
38,Lenovo,IdeaPad 3,14.0,Core i3 Family,8,Windows 11 S,4.5,281.69
39,ASUS,ASUS Vivobook Go 15,15.6,Celeron,4,Windows 11 S,4.1,236.47
40,HP,HP Laptop 15-ef2024nr,15.0,Ryzen 3,8,Windows 11 Home,4.5,337.96
44,ASUS,UX5304VA-XS76T,13.3,Core i7,32,Windows 11 Pro,4.3,1399.99
45,ASUS,ROG Strix G15,15.6,AMD Ryzen 7,16,Windows 11 Home,4.6,1044.77
46,Lenovo,IdeaPad 3,15.6,Celeron P4500,8,Chrome OS,4.2,294.29
47,acer,"2023 Newest Acer 15.6"" Chromebook",15.6,Celeron N4020,4,Chrome OS,4.2,224.0
48,ASUS,Chromebook C425 Clamshell,14.0,Celeron N4020,4,Chrome OS,4.3,225.82
49,Lenovo,Flex 5,14.0,AMD Ryzen 5 5500U,16,Windows 11 Home,4.2,539.99
50,acer,A115-32-C96U,15.6,Celeron N,4,Windows 11 S,4.3,229.99
51,ASUS,ROG Flow Z13,13.4,Core i9,16,Windows 11 Home,4.4,1749.99
52,HP,HP,15.6,Core i3-1115G4E,16,Windows 11 Home,4.5,465.0
53,ASUS,ROG Strix SCAR 16,16.0,Core i9,32,Windows 11 Pro,4.1,3349.0
54,ASUS,ROG Strix SCAR 18,18.0,Intel Core i9,32,Windows 11 Pro,4.3,3899.0
55,MSI,Stealth GS66 12UGS-025,15.6,Intel Core i9,32,Windows 11 Home,1.0,1699.0
59,MSI,Vector GP66 12UGS-267,15.66,Intel Core i9,32,Windows 11 Home,5.0,1599.0
60,LG,17Z90Q-K.ADB9U1,17.0,Core i7,32,Windows 11 Home,4.3,1734.71
61,ASUS,ROG Flow Z13,13.4,Core i9,32,Windows 11 Pro,4.2,2499.99
62,Lenovo,Chromebook,11.6,MediaTek MT8183,4,Chrome OS,4.3,114.74
63,Microsoft,Surface Laptop,15.0,Intel Core i7,16,Windows 11 Home,4.4,1084.66
64,ASUS,TUF Dash 15 (2022),15.6,Core i7,16,Windows 11 Home,4.5,1150.99
65,ASUS,TUF Gaming A15,15.6,Ryzen 7,16,Windows 11 Home,4.3,1149.0
66,HP,14-dq0070nr,14.0,Celeron N4020,4,Windows 11 S,4.3,199.99
67,ASUS,ROG Strix Scar 17,17.3,Ryzen 9,32,Windows 11 Pro,4.1,2619.99
68,acer,A3SP14-31PT-37NV,14.0,Core i3,8,Windows 11 S,4.5,426.64
72,ASUS,ASUS TUF Gaming F1,17.3,Core i5,8,Windows 11 Home,4.5,783.95
73,Lenovo,IdeaPad Flex 5i Chromebook,13.3,Core i3,8,Chrome OS,4.4,479.0
75,Dell,Dell Latitude,14.0,Core i7-8650U,16,Windows 10 Pro,4.0,399.0
76,HP,Chromebook 11 G9 EE,11.6,Celeron,4,Chrome OS,5.0,271.99
77,MSI,Stealth GS66 12UGS-025,15.6,Intel Core i9,32,Windows 11 Home,1.0,1699.0
81,MSI,Vector GP66 12UGS-267,15.66,Intel Core i9,32,Windows 11 Home,5.0,1599.0
82,acer,Swift Go 14,14.0,Intel Core i7-1355U,16,Windows 11 Home,4.3,762.19
83,ASUS,VivoBook S 15,15.6,Core i9,16,Windows 11 Home,3.7,989.99
84,Apple,MacBook Pro,16.2,ARM 7100,32,macOS 12 Monterey,4.7,1899.0
85,acer,Aspire 5,15.6,AMD Ryzen 5 5500U,8,Windows 11,4.4,488.94
86,Apple,"2022 Apple MacBook Air M2, 16GB RAM, 512GB Storage - Midnight (Z160000B1)",13.6,Apple M1,16,macOS 12 Monterey,4.8,1459.94
88,SAMSUNG,NP754XFG-KB1US,15.6,Core i7,16,Windows 11 Pro,4.8,1099.99
90,ASUS,Zenbook 15,15.6,Ryzen 7,32,Windows 11 Home,4.3,1299.0
95,Apple,MacBook Pro,13.0,Apple M1,16,macOS 12 Monterey,4.7,1457.99
96,HP,HP 15 scarlet red,15.6,Celeron,16,Windows 11 Home,4.3,469.0
97,Carlisle FoodService Products,ASUS VivoBook L203,11.6,Celeron N4000,4,Windows 10 S,4.2,134.9
98,Gigabyte,G5 KF-E3US333SH,15.6,Core i5,8,Windows 11 Home,4.0,879.99
99,ASUS,Vivobook 15X,15.6,Ryzen 7,16,Windows 11 Home,5.0,749.99
100,acer,Chromebook Spin,11.6,Celeron N4000,4,Chrome OS,4.5,226.0
101,MSI,Stealth GS66 12UGS-025,15.6,Intel Core i9,32,Windows 11 Home,1.0,1699.0
105,MSI,Vector GP66 12UGS-267,15.66,Intel Core i9,32,Windows 11 Home,5.0,1599.0
106,ASUS,Zenbook Pro 14 Duo,14.5,Core i9,32,Windows 11 Home,4.0,2399.99
107,ASUS,ASUS Chromebook C203XA,11.6,MediaTek_MT8127,4,Chrome OS,4.3,184.62
108,MSI,Stealth 17Studio A13VH-053US,17.3,Core i9,32,Windows 11 Home,4.2,2793.89
109,Lenovo,Ideapad,15.6,Intel Core i3,8,Windows 11 Home,4.3,429.0
110,MSI,MSI GF63,15.6,Core i5 Family,16,Windows 10 Home,4.1,729.99
111,Apple,"2022 Apple MacBook Air M2, 16GB RAM, 256GB Storage - Space Gray (Z15S000CT)",13.6,Apple M1,16,macOS 12 Monterey,5.0,1255.94
112,HP,EliteBook 840,14.0,Core i5 6200U,16,Windows 10 Pro,4.0,1000.0
113,ASUS,ProArt StudioBook 16,16.0,Core i9,32,Windows 11 Home,3.7,2499.99
117,SAMSUNG,Chromebook 4+,15.6,Celeron N3450,4,Chrome OS,4.4,205.0
118,HP,"HP 14"" Chromebook",14.0,Core i3,8,Chrome OS,3.9,265.99
119,acer,Aspire 5,15.6,Ryzen 3 3350U,4,Windows 11,4.5,367.29
120,Razer,Razer Blade 14,14.0,Ryzen 9 7900X,16,Windows 11 Home,4.3,2699.99
121,ASUS,VivoBook 15,15.6,Core i3-1005G1,8,Windows 10 Home,4.5,379.0
122,acer,PH16-71-74UU,16.0,Intel Core i7,16,Windows 11 Home,4.5,1649.99
123,ASUS,ASUS ROG Zephyrus Duo 16,16.0,Ryzen 7,16,Windows 11 Home,4.3,1589.99
124,ASUS,Vivobook Pro 15,15.6,Ryzen 9,32,Windows 11 Home,4.6,1399.99
125,Dell,XPS9310-7321WHT-SUS,13.4,Core i7 Family,16,Windows 11 Home,4.1,1229.99
126,Dell,Dell G15 5520,15.6,Core i7 Family,16,Windows 11 Home,4.2,1129.99
129,MSI,Vector GP66 12UGS-267,15.66,Intel Core i9,32,Windows 11 Home,5.0,1599.0
132,MSI,Vector GP66 12UGS-267,15.66,Intel Core i9,32,Windows 11 Home,5.0,1599.0
133,ASUS,Vivobook 14,14.0,Core i5,8,Windows 11 Home,4.4,479.99
134,HP,HP Chromebook,16.0,AMD A Series,4,Chrome OS,4.3,94.98
135,LG,17Z90R-A.ADB9U1,17.0,Intel Core i7,32,Windows 11 Home,3.7,2296.99
136,MSI,Stealth GS66 12UGS-025,15.6,Intel Core i9,32,Windows 11 Home,1.0,1699.0
137,ASUS,Vivobook 16X,16.0,Core i9,32,Windows 11 Home,3.5,1699.99
138,ASUS,VivoBook Pro 16,16.0,Core i9,16,Windows 11 Home,4.0,1484.99
139,Dell,Latitude 5000,14.0,Core i5,16,Windows 11 Pro,4.8,1666.4
140,ASUS,FX707ZC-ES53,17.3,Core i5,16,Windows 11 Home,3.5,873.0
141,HP,HP 15,15.6,Core i5,12,Windows 11 S,4.4,503.58
145,Microsoft,Surface Laptop Go 2,12.45,Intel Core i5,8,Windows 11 Home,4.4,529.0
147,Lenovo,"Lenovo 14"" Laptop",14.0,Intel Core i7,16,Windows 11,3.7,535.99
148,Lenovo,L14,14.0,Pentium,4,Windows 11 S,4.0,191.87
149,MSI,GF63 Thin,15.6,Unknown,8,Windows 10,4.6,600.51
150,Apple,MacBook Pro,16.0,Others,32,Mac OS,3.0,3059.0
151,SAMSUNG,NP964XFG-KC1US,16.0,Intel Core i7,32,Windows 11 Pro,4.0,1939.99
152,ASUS,ASUS Chromebook CX1,15.6,Celeron N3350,8,Chrome OS,4.1,247.05
153,MSI,Stealth GS66 12UGS-025,15.6,Intel Core i9,32,Windows 11 Home,1.0,1699.0
157,MSI,Vector GP66 12UGS-267,15.66,Intel Core i9,32,Windows 11 Home,5.0,1599.0
158,acer,CP513-1H-S338,13.3,Snapdragon,8,Chrome OS,4.4,424.46
159,Razer,Blade 16,16.0,Intel Core i9,32,Windows 11,3.8,3611.89
160,HP,HP ENVY,15.0,Ryzen 5,32,Windows 11,4.3,685.0
161,LG,16T90Q-K.AAG6U1,16.0,Core i5,16,Windows 11 Home,4.2,1284.93
162,HP,Pavilion x360,14.0,Core i5,8,Windows 10 Home,4.5,570.0
163,HP,HP Laptop 17-cn0025nr,17.3,Intel Core i5-1135G7,8,Windows 11 Home,4.5,576.99
164,Lenovo,ThinkPad X1 Carbon Gen 11 Laptop PC,14.0,Core i7 Family,32,Windows 11 Pro,5.0,1949.99
165,LG,16Z90RS-K.ADW8U1,16.0,Intel Core i7,32,Windows 11 Home,4.3,1757.57
166,HP,"HP 17.3""",17.3,Core i3,16,Windows 11,4.2,557.0
172,Lenovo,Thinkpad T480,14.0,Core i5,16,Windows 10 Pro,4.1,219.0
173,ASUS,ProArt StudioBook 16,16.0,Core i9,32,Windows 11 Home,2.5,2199.0
174,ASUS,Zenbook Pro 14 Duo,14.5,Intel Core i9,32,Windows 11 Home,4.1,2299.99
175,ASUS,VivoBook 16,16.0,Ryzen 5,8,Windows 11 Home,4.6,561.0
176,Lenovo,"Lenovo 14"" Laptop",14.0,Pentium,4,Windows 11,4.2,181.99
177,MSI,Vector GP68HX 13VH-098US,16.0,Core i9,16,Windows 11 Home,5.0,2091.05
178,ASUS,ASUS ZenBook Pro 16,16.0,Core i9,32,Windows 11 Pro,4.2,2499.0
179,MSI,Stealth GS66 12UGS-025,15.6,Intel Core i9,32,Windows 11 Home,1.0,1699.0
183,MSI,Vector GP66 12UGS-267,15.66,Intel Core i9,32,Windows 11 Home,5.0,1599.0
184,HP,Chromebook 11a,11.6,MediaTek MT8183,4,Chrome OS,4.4,160.0
185,ASUS,ASUS VivoBook Go 14,14.0,Celeron,4,Windows 11 Home S,4.1,231.85
186,HP,HP Pavilion,14.0,Intel Core i5-1135G7,8,Windows 11,4.5,514.99
187,ASUS,ASUS ZenBook Pro Duo 15,15.6,Core i9,32,Windows 10 Pro,4.6,2849.0
189,Asus,ASUS BR1100,11.6,Celeron,4,Windows 10 Pro,4.1,279.99
190,Lenovo,Lenovo Ideapad,15.6,Intel Core i5-1135G7,12,Windows 11 Home,4.3,561.99
191,Lenovo,Lenovo Yoga 7i,16.0,Intel Core i5,8,Windows 11 Home,4.1,682.0
195,Dell,Inspiron 14 5425,14.0,AMD Ryzen 7,8,Windows 11 Pro,4.1,542.95
196,LENOVO,ThinkPad,14.0,Intel Core i7,16,Windows 10 Pro,4.2,1249.0
197,SAMSUNG,Galaxy Chromebook,13.3,Core i5-10210U,8,Chrome OS,4.2,643.0
198,acer,CB317-1H-C6RK,17.3,Celeron N,4,Chrome OS,3.5,328.67
199,Dell,Inspiron 15 3530,15.6,Core i7 Family,64,Windows 11 Home,4.2,1000.0
201,MSI,Stealth GS66 12UGS-025,15.6,Intel Core i9,32,Windows 11 Home,1.0,1699.0
204,MSI,Vector GP66 12UGS-267,15.66,Intel Core i9,32,Windows 11 Home,5.0,1599.0
205,LG,15Z90RT-K.ADB9U1,16.0,Intel Core i7,32,Windows 11 Home,4.7,1899.0
208,HP,17-cn0003dx,17.3,Intel Core i3,32,Windows 11,4.0,619.99
209,Lenovo,e15,13.0,8032,8,Windows 10 Pro,4.5,799.0
210,Dell,XPS 13 9315,13.4,Core i7,32,Windows 11 Pro,2.8,1126.85
213,Lenovo,82XQ001GUS,15.6,AMD Ryzen 3 2300X,8,Windows 11 Home,5.0,499.0
214,Lenovo,Lenovo ideapad Flex 5,14.0,Ryzen 5 5500U,16,Windows 11,4.4,622.04
215,Dell,Latitude,15.6,Core i5,8,Windows 11 Pro,5.0,748.47
219,Dell,XPS 13 9320,13.4,Core i7,16,Windows 11 Pro,5.0,1305.17
220,Razer,Blade 15,15.6,Intel Core i7 12800H,16,Windows 11 Home,4.2,1659.68
221,HP,HP Notebook 15-dy1731ms,15.6,Intel Core i3,8,Windows 10,4.5,377.0
222,Lenovo,Newest Flagship Lenovo Chromebook,14.0,Cortex,4,Chrome OS,4.2,299.0
223,DELL,Latitude 5530,15.6,Core i5 Family,32,Windows 11 Pro,5.0,939.99
226,acer,AN16-41-R5KC,16.0,Ryzen 9,16,Windows 11 Home,5.0,1649.99
227,ASUS,Zephyrus Duo,16.0,Ryzen 9,32,Windows 11 Pro,3.5,3849.99
228,ASUS,ASUS Laptop L210,11.6,Celeron,4,Windows 11 S,4.0,252.54
231,HP,Pavilion X360,14.0,Core i5-1130G7,8,Windows 11 Home,4.6,499.99
232,LG,16Z90Q-R.AAS8U1,16.0,Core i7,16,Windows 11 Home,4.5,1612.99
233,SAMSUNG,Samsung Chromebook,12.2,Celeron,4,Chrome OS,4.5,447.95
234,LENOVO,IdeaPad,15.6,Core i3,20,Windows 11 Home,4.4,487.0
237,Lenovo,2022,13.3,Others,4,Chrome OS,4.1,433.99
238,HP,6M0Z7UA#ABA,15.6,Intel Core i5-1135G7,16,Windows 11 Home,4.3,520.0
239,LG,17Z90R-K.AAB8U1,17.0,Intel Core i7,16,Windows 11 Home,4.0,1399.99
240,Dell,Latitude,15.6,Core i7,16,Windows 11 Pro,5.0,1428.96
244,HP,HP Pavilion x360,14.0,Core i5,8,Windows 11 Home,4.2,608.0
245,LG,16Z90R-A.ADB9U1,16.0,Intel Core i7,32,Windows 11 Home,4.1,1896.99
246,ASUS,TUF Gaming F15,15.6,Core i5,16,Windows 11 Home,4.3,999.0
247,Asus,Vivobook,14.0,Core i3,8,Windows 11,4.4,357.5
248,MSI,Pulse GL66,15.6,Core i7,16,Windows 11 Home,4.5,1465.8
249,LG,16Z90RS-K.AAW7U1,16.0,Intel Core i7,16,Windows 11 Home,2.9,1799.0
251,HP,Chromebook,14.0,Celeron N,4,Chrome OS,4.5,150.0
252,LG,14Z90RS-K.ADW9U1,14.0,Intel Core i7,32,Windows 11 Home,4.2,1796.99
257,Dell,Alienware m15 R5 Ryzen Edition Laptop,15.6,AMD Ryzen 7,16,Windows 11 Home,4.0,1497.99
258,ASUS,Vivobook S 14 Flip OLED,14.0,Ryzen 7 5800H,16,Windows 11 Home,4.1,1099.99
259,HP,HP Victus,15.6,Ryzen 5,16,Windows 11 Home,3.4,699.0
260,HP,HP,14.0,Celeron,4,Chrome OS,4.1,239.0
261,Microsoft,Surface Laptop 4,13.5,Core i7,16,Windows 10 Pro,5.0,1198.99
263,Dell,Latitude 7000,13.3,Core i5,16,Windows 11,4.6,1680.56
266,MSI,Vector GP66 12UGS-267,15.66,Intel Core i9,32,Windows 11 Home,5.0,1599.0
267,MSI,Stealth GS66 12UGS-025,15.6,Intel Core i9,32,Windows 11 Home,1.0,1699.0
270,ASUS,Asus,14.0,Celeron,4,Windows 10,4.2,129.99
271,acer,SFX14-51G-71Y1,14.0,Intel Core i7,16,Windows 11 Home,4.2,886.37
272,SAMSUNG,XE530QDA-KB1US,13.3,Core i3,16,Chrome OS,4.4,729.0
273,HP,Elitebook 840 G3,14.0,Athlon,8,Windows 10 Pro,4.0,159.99
274,HP,HP Pavilion,15.6,AMD Ryzen 7,32,Windows 11,4.1,732.0
277,Lenovo,Lenovo Ideapad 3,15.6,Celeron N4000,4,Windows 10 Home,4.1,185.95
278,acer,CB314-1H-C884,14.0,Celeron N,4,Chrome OS,4.4,204.0
279,acer,A517-52-75N6,17.3,Intel Core i7,16,Windows,4.0,699.99
282,ASUS,TP470EA-AS34T,14.0,Core i3,4,Windows 10 S,4.3,460.48
287,Lenovo,ideapad,14.0,Celeron N4020,4,Windows 11,4.2,220.69
288,acer,AN16-41-R1WE,16.0,AMD Ryzen 7,16,Windows 11 Home,5.0,1241.46
289,Lenovo,ideapad3i-14-i5,14.0,Core i5-10210U,8,Windows 11 Home,4.2,443.0
290,HP,"2023 Newest HP 14"" Chromebook",14.0,Celeron N,4,Chrome OS,4.2,225.0
291,Panasonic,Panasonic Toughbook,14.0,Core i5,16,Windows 10,3.6,655.96
294,Dell,Inspiron,15.6,Core i5,32,Windows 11 Pro,5.0,689.65
295,ASUS,"17.3"" Chromebook",17.3,Pentium Other,4,Chrome OS,4.0,246.0
297,HP,EliteBook 655 G9,15.6,Ryzen 5,16,Windows 10 Pro,5.0,1137.02
300,ASUS,CXB170CK,17.3,Celeron,4,Chrome OS,4.5,247.36
301,acer,AN515-58-725A,15.6,Core i7,16,Windows 11 Home,4.6,1199.0
302,acer,Acer Aspire 3,15.6,Ryzen 5,8,Windows 11 Home,4.3,450.0
303,ASUS,S5402ZA-IS74,14.5,Core i7,12,Windows 11 Home,3.8,689.49
305,ASUS,VivoBook S15,15.6,Intel Core i7-1165G7,16,Windows 11,5.0,901.56
306,ASUS,VivoBook Pro 16,16.0,Core i9,16,Windows 11 Home,4.0,1399.99
309,ASUS,ASUS Chromebook Flip CX3,14.0,Intel Core i7,16,Chrome OS,3.9,979.99
310,ASUS,VivoBook Pro 15,15.6,Intel Core i7,16,Windows 11 Home,5.0,1259.99
311,SAMSUNG,Galaxy Book Go,14.0,Snapdragon,4,Windows 11 Home,4.3,345.0
313,Panasonic,CF-31 MK5,13.1,Core i5 5300U,8,Windows 10,4.1,420.0
316,Dell,Latitude 5000,14.0,Core i7,16,Windows 10 Pro,4.8,1658.99
317,Toughbook,Panasonic Toughbook,13.1,Core i5 7200U,16,Windows 10 Pro,4.8,1550.99
318,HP,HP ProBook,11.6,Celeron,4,Windows 10 Pro,4.1,245.0
319,ASUS,VivoBook Pro 16,16.0,Core i9,16,Windows 11 Home,3.0,1646.99
323,Lenovo,"Lenovo Ideapad 1 (14"", intel)",14.0,Celeron N4020,4,Windows 11,4.2,195.0
324,HP,1A1L3UA,15.6,Ryzen 3 3250U,4,Windows 10 Home,3.8,269.0
325,Dell,Latitude 5530 Laptop,15.6,Core i7,16,Windows 11 Pro,5.0,1349.99
326,Dell,Latitude 3000,14.0,Core i5 Family,8,Windows 10 Pro,3.9,835.85
327,ASUS,ASUS Chromebook,12.0,MediaTek MT8183,4,Chrome OS,4.2,278.97
330,Dell,XPS 15 9520,15.6,Core i7,16,Windows 11 Pro,4.8,1576.57
332,Gigabyte,AORUS 17X AZF-C5US665SP,17.0,Core i9,32,Windows 11 Pro,5.0,3499.99
334,Lenovo,"Lenovo Ideapad Gaming 3i 15""",15.6,Core i7,8,Windows 11 Home,4.3,934.0
335,acer,Acer 315,15.6,1.2GHz Cortex A8 Processor,4,Chrome OS,4.3,129.99
339,acer,Nitro 5,17.3,Core i5,32,Windows 11 Home,4.5,1259.0
344,Corsair,VOYAGER a1600,16.0,Ryzen 9,32,Windows 11 Home,2.6,1699.99
346,ASUS,Chromebook C423,14.0,Celeron N,4,Chrome OS,4.9,283.55
347,Panasonic,CF-53 MK4,14.0,Core i5 4310M,16,Windows 10 Pro,3.6,658.94
348,Alienware,Alienware m15 R7,15.6,Core i7 Family,16,Windows 11 Home,4.0,1599.0
349,Dell,Precision 5770,17.0,Core i7 Family,32,Windows 11 Pro,5.0,2475.0
350,Apple,MacBook Air,13.0,Apple M1,8,Mac OS,4.8,1178.0
354,ASUS,Vivobook S 16 Flip,16.0,Ryzen 5,8,Windows 11 Home,4.1,699.99
355,SAMSUNG,Galaxy Book Pro,15.6,Intel Core i7,16,Windows 10,4.1,1177.42
356,HP,Laptop 15-ef0021nr,15.6,Ryzen 3 3200U,8,Windows 10 Home,4.4,346.9
357,ASUS,VivoBook Pro 15X OLED,15.6,Core i7,16,Windows 11 Home,3.5,1530.63
358,ASUS,ASUS Chromebook CX9,14.0,Intel Core i7,16,Chrome OS,3.8,1211.99
359,HP,15-dy2035tg,15.6,Core i3,8,Windows 10 S,4.3,423.99
360,MSI,Pulse 15 B13VFK-1263US,15.6,Core i7,32,Windows 11 Pro,3.0,1499.0
361,acer,SF514-56T-797T,14.0,Core i7,16,Windows 11 Home,3.9,1406.88
366,ASUS,VivoBook S15,15.6,Intel Core i5-1135G7,8,Windows 10,4.3,606.15
367,MSI,Katana 15 B13VGK-1007US,15.6,Core i9,32,Windows 11 Home,5.0,1899.0
374,HP,HP Envy,14.0,Core i5,8,Windows 11 Home,4.5,629.49
376,Dell,Inspiron,15.6,Core i5,16,Windows 11 Pro,4.7,649.0
377,Lenovo,Lenovo Thinkpad,13.0,Athlon,4,Chrome OS,4.1,195.99
378,ASUS,TUF Dash 15 (2021),15.6,Core i7,8,Windows 10 Home,4.5,940.47
381,AWOW,VT11,11.6,Celeron,6,Windows 11,3.5,308.42
382,ASUS,Vivobook Pro 16X,16.0,Core i9,16,Windows 11 Home,4.2,1799.99
384,MSI,Modern 15 B7M-223US,15.6,Ryzen 7,16,Windows 11 Pro,5.0,799.0
386,MSI,Raider GE68HX,16.0,Intel Core i9,32,Windows 11 Home,5.0,1743.0
388,ASUS,Chromebook Detachable CM3,10.5,MediaTek MT8183,4,Chrome OS,4.1,349.95
392,HP,Pavilion,14.0,Core i3,8,Windows 11 S,5.0,428.45
393,SAMSUNG,Wifi,14.0,Celeron,8,Chrome OS,4.1,349.99
395,ASUS,Vivobook 15X,15.6,Ryzen 5,8,Windows 11 Home,4.8,619.99
396,Dell,Latitude,14.0,Core i5,16,Windows 11 Pro,3.9,691.53
401,ASUS,Expertbook B9,14.0,Intel Core i7,32,Windows 11 Pro,1.0,1947.99
402,HP,14a-ca0022nr,14.0,Pentium N5000,4,Chrome OS,4.5,259.95
403,Lenovo,20UXS06900,13.3,Athlon,4,Chrome OS,4.5,245.0
406,Gigabyte,AORUS 15X ASF-D3US754SH,15.6,Core i9,16,Windows 11 Home,4.1,2099.99
408,Lenovo,IdeaPad 3 15ITL6,15.6,Core i5 Family,12,Windows 10 Home,4.3,508.0
410,Microsoft,Surface Pro,12.3,8032,8,Windows 10 Home,4.4,624.99
411,Dell,DELL XPS 15 9520,15.6,Core i7,32,Windows 11 Pro,2.3,1689.18
414,Dell,Latitude 9000,14.0,Core i7,16,Windows 10 Pro,3.6,1029.99
415,HP,Pavilion,14.0,Ryzen 3 3250U,8,Windows 11,4.3,313.0
416,ASUS,Vivobook 15,15.6,Ryzen 5,8,Windows 11 Home,5.0,699.99
418,ASUS,ASUS VivoBook 15,15.6,Ryzen 5 3500U,8,Windows 10 Home,4.5,548.0
421,Lenovo,IdeaPad 3 15ITL05,15.6,Core i3 Family,8,Windows 11,4.3,389.0
422,Lenovo,Lenovo Chromebook Duet,10.1,MediaTek Helio P60T,4,Chrome OS,4.4,349.0
423,ASUS,Zenbook Pro 17,17.3,Ryzen 7,8,Windows 11 Home,4.3,999.99
425,Dell,Precision 5000,15.6,Core i7,32,Windows 10 Pro,2.0,2387.94
429,Toughbook,CF-33 MK1,12.0,Intel Core i5,8,Windows 10 Pro,5.0,993.99
430,Microsoft,Laptop 4 15 R7se/8GB/512GB Platinum,15.0,Ryzen 7,8,Windows 10 Home,4.9,858.98
431,ASUS,ZenBook S,13.9,Intel Core i7,1,Windows 10 Pro,4.1,1399.9
432,Lenovo,ThinkPad X1 Carbon Gen 10,14.0,Core i7,16,Windows 11,4.2,2079.99
433,MSI,Prestige 13Evo A13M-050US,13.3,Core i7,32,Windows 11 Pro,4.3,1299.0
439,ASUS,ASUS Chromebook,17.3,Celeron N,4,Chrome OS,4.0,259.99
440,Dell,Latitude 3000,14.0,Core i5 Family,8,Windows 10 Pro,5.0,899.0
447,Quality Refurbished Computers,Latitude,15.6,Core i7-620M,8,Windows 7 Professional,4.0,159.0
448,Lenovo,ThinkPad P1 Gen 5 Mobile Workstation,16.0,Core i7 Family,32,Windows 11 Pro,5.0,1799.0
449,Lenovo,"IdeaPad 3 15""",15.6,Ryzen 3 3250U,4,Windows 10 S,4.5,395.0
450,Panasonic,CF-54,14.0,Core i5,16,Windows 7 Pro + 10 Pro,3.6,799.99
455,Dell,Inspiron,15.6,Ryzen 5,32,Windows 11 Home,4.3,548.0
458,HP,HP Pavilion,11.6,Intel Core M-5Y10 Processor,4,Windows 10,4.5,369.0
459,HP,Pavilion,17.3,Intel Core i5-1135G7,8,Windows 11,4.9,639.99
463,Dell,Dell Latitude,14.0,Core i5 4310U,8,Windows 10 Pro,4.0,350.0
464,HP,15-eh2085cl,15.6,Ryzen 7,16,Windows 11,4.3,675.0
465,Dell,Latitude 5430,14.0,AMD Ryzen 7,16,Windows 11 Pro,5.0,595.97
467,Dell,Rugged 5414,14.1,Core i5,8,Windows 10,4.4,415.0
468,Lenovo,Lenovo Ideapad,15.6,Core i3,4,Windows 11,5.0,299.99
473,acer,CB315-4HT-P8PQ,15.6,Pentium,8,Chrome OS,4.4,399.99
474,Dell,Vulcan 17,17.3,Intel Core i7,16,Windows 10 Home,4.3,2199.0
475,HP,HP ProBook,15.6,Intel Core i5-1135G7,8,Windows 10 Pro,4.7,719.99
478,ASUS,ExperBook,14.0,Core i7,16,Windows 10 Pro,3.7,1299.99
479,HP,AMD Ryzen 5,15.6,Ryzen 5,8,Windows 11 Home,4.1,457.64
482,Dell,Chromebook 11,11.0,Celeron N2840,4,Chrome OS,4.0,57.99
483,HP,Victus by HP 15.6 inch Gaming Laptop PC 15-fa1010nr,15.6,Core i5,16,Windows 11 Home,5.0,1169.99
484,ASUS,ZenBook Flip S,13.3,Intel Core i7,16,Windows 10 Pro,4.8,799.99
485,Lenovo,Lenovo Thinkpad,15.6,Core i5,8,Windows 10 Pro,4.0,799.0
489,Lenovo,Lenovo Thinkpad,14.0,Intel Core i7 1185G7,16,Windows 10 Pro,3.6,1270.77
490,acer,CB315-4H-C6MH,15.6,Celeron N,8,Chrome OS,4.1,345.44
494,acer,A514-55-545G,14.0,Core i5,8,Windows 11 Home,4.3,668.55
495,Lenovo,Lenovo Thinkpad,14.0,Core i5,8,Windows 10 Pro,3.7,883.58
496,HP,Elite Dragonfly G3,13.5,Core i5,16,Windows 10 Pro,4.0,2039.0
500,Gigabyte,AORUS 17H BXF-74US554SH,17.3,Core i7,16,Windows 11 Home,3.5,2149.0
504,LG,LG gram,17.0,Core i7-1065G7,16,Windows 10 Home,4.4,1787.62
505,LG,14T90R-K.AAB6U1,14.0,Intel Core i5,16,Windows 11 Home,3.8,1299.99
506,MSI,Prestige 14Evo A11MO-217,14.0,Core i7,32,Windows 10,4.2,1001.18
509,Dell,Inspiron,15.6,Core i5 Family,32,Windows 11 Home,3.4,602.0
510,HP,HP,14.0,1.2GHz Cortex A8 Processor,8,Windows 10,4.3,379.0
513,SAMSUNG,Chromebook 4,11.6,Celeron N3450,4,Chrome OS,4.1,209.96
518,acer,Aspire 3,17.3,Core i3,12,Windows 11,4.3,478.99
519,Lenovo,Flex 5 14 Laptop,14.0,Ryzen 5,16,Windows 10 Home,4.5,589.0
522,ASUS,VivoBook S 14X OLED,14.5,Core i5,8,Windows 11 Home,4.2,899.99
526,HP,3N8P1UT#ABA,15.6,Core i5,16,Windows 10 Pro,5.0,899.0
527,HP,Chromebook 11 G9 EE,11.6,Celeron,4,Chrome OS,4.0,240.74
528,Dell,XPS 9315 Laptop,13.4,Core i7,16,Windows 11 Pro,3.0,992.99
534,Dell,XPS 13 9305,13.3,Core i7 Family,16,Windows 11 Home,4.1,1125.99
537,HP,HP Chromebook 11a-na0030nr,11.6,MediaTek MT8183,4,Chrome OS,4.4,270.28
542,HP,Elite Dragonfly G3,13.5,Core i5,16,Windows 10 Pro,4.0,1003.99
543,ASUS,Chromebook C423,14.0,Celeron N3350,4,Chrome OS,4.2,212.32
544,Dell,Latitude 5430,14.0,Core i5 Family,16,Windows 11 Pro,3.8,499.99
547,ASUS,ASUS ProArt StudioBook 16,16.0,Core i7,32,Windows 11 Home,3.7,2699.0
549,HP,Dell Precision,14.0,Celeron,4,Windows 11 Home,4.3,229.99
552,Lenovo,"Lenovo Legion 5i 17""",17.3,Core I7 12700H,8,Windows 11 Home,3.4,1449.99
553,Dell,Latitude 5000,14.0,Core i5 Family,16,Windows 10 Pro,5.0,1377.76
557,Lenovo,IdeaPad 5 14ITL05,14.0,Core i5 Family,16,Windows 10 Home,3.6,699.99
560,Lenovo,"TP L15,W10P,I5,8GB,256GB,1YR",13.0,1.2GHz Cortex A8 Processor,8,Mac OS X 10.0 Cheetah,4.8,806.47
564,SAMSUNG,NP641BEF-KA3US,14.0,Core i7,16,Windows 11 Pro,4.0,1409.99
569,HP,ZBook Fury G9,16.0,Core i7,32,Windows 11 Pro,1.0,3196.99
570,acer,SP314-55N-76EX,14.0,Core i7,16,Windows 11 Home,3.5,1079.99
571,HP,HP Pavilion,17.3,Intel Core i3,32,Windows 10 Home,2.0,729.99
572,Dell,Dell Latitude 7480 Laptop,14.0,Core i5,8,Windows 10 Pro,3.4,219.0
577,LENOVO,Ideapad,15.6,Intel Core i3,12,Windows 11,4.4,478.88
585,Dell,Latitude Rugged 5430 Laptop,14.0,Core i5,16,Windows 11 Pro,3.4,1849.99
586,ASUS,Asus Chromebook C423NA,14.0,Celeron,4,Chrome OS,3.8,184.99
588,ASUS,L510MA-DH02,15.6,Celeron N4020,4,Windows 10 S,3.8,235.75
592,Dell,Latitude 7320 Detachable 2-in-1,13.0,Core i7,16,Windows 11 Pro,5.0,1150.99
595,acer,CP314-1HN-P138,14.0,Pentium,8,Chrome OS,5.0,489.99
599,ASUS,VivoBook 15.6,15.6,Core i5,8,Windows 10 Home,3.8,460.0
603,Toughbook,CF-20 mk1,10.1,Core M Family,8,Windows 10 Pro,5.0,999.99
607,Lenovo,ThinkPad Z16 Gen 1,16.0,Ryzen 7,16,Windows 11 Pro,3.1,1449.99
608,Dell,5310,14.0,Intel Core i7,16,Windows 10 Pro,5.0,425.0
615,LG,LG gram,17.0,Core i7,16,Windows 10,4.2,1782.96
616,Lenovo,Flex 3,11.6,MediaTek MT8183,4,Chrome OS,4.6,195.99
617,Lenovo,Lenovo thinkpad,14.0,Core i7,16,Windows 10 Pro,4.7,1356.0
621,ASUS,ASUS Rog Strix,17.3,8032,16,Windows 10 Home,4.3,1799.0
622,Lenovo,ThinkPad X13 Yoga Gen 2,12.3,Core i5,16,Windows 11 Pro,4.0,869.99
625,Lenovo,Chromebook,11.6,Celeron,4,Chrome OS,3.9,203.77
630,acer,Acer Chromebook,11.6,MediaTek MT8183,32,Chrome OS,4.1,204.95
631,Dell,Latitude 5000,13.3,Core i7,16,Windows 10 Pro,3.9,1163.21
633,Lenovo,Chromebook S330,14.0,MediaTek_MT8127,4,Chrome OS,4.0,177.0
635,HP,HP Chromebook 11,11.6,Celeron,4,Chrome OS,4.3,75.0
638,acer,CB314-3HT-P6QW,14.0,Pentium,8,Chrome OS,3.5,432.7
642,HP,HP Notebook,15.6,Celeron,8,Windows 11,3.9,316.99
643,SAMSUNG,Galaxy Book Odyssey,15.6,Core i7,16,Windows 11 Home,4.1,1320.86
645,Dell,Latitude,14.1,Core 2 Duo P8700,2,Windows 7,3.6,84.54
649,acer,PT14-51-78B4,14.0,Intel Core i7,16,Windows 11 Home,2.5,1049.99
653,acer,AV14-51-58XZ,14.0,Core i5,16,Windows 11 Home,4.8,532.49
656,Dell,i3493-3464BLK-PUS,14.0,Core i3-1005G1,4,Windows 10,4.3,399.0
658,Dell,Dell Inspiron,15.6,Core i5,8,Windows 10,3.5,356.99
662,Dell,Latitude 5000,14.0,Core i5,16,Windows 10 Pro,5.0,2312.24
667,Toughbook,CF-20,10.1,core_m,8,Windows 10 Pro,4.5,959.0
668,Dell,Latitude 5000,14.0,Core i5,16,Windows 10 Pro,5.0,876.02
679,acer,A515-44-R41B,15.6,Ryzen 5 4500U,8,Windows 10 Home,4.5,528.18
680,Dell,XPS 9350,13.3,Core i7,8,Windows 10,3.8,699.99
685,ASUS,Asus ZenBook 13,13.3,Intel Core i5,8,Windows 10 Home,4.4,1099.0
686,ASUS,Vivobook 14X,14.0,Core i5,8,Windows 11 Home,5.0,819.99
693,LG,16Z90Q-K.AAS6U1,16.0,Core i5,16,Windows 11 Home,4.1,900.9
694,HP,Chromebook,14.0,Celeron,4,Chrome OS,4.4,297.0
698,Lenovo,ThinkPad X1 Carbon Gen 10,14.0,Core i7,16,Windows 11,2.0,1637.24
699,acer,CB5-132T-C67Q,11.6,8032,4,Chrome OS,4.4,269.0
704,Panasonic,CF-54,14.0,Core i5,8,Windows 10,3.8,700.0
705,ASUS,ASUS Chromebook CX1,11.6,Celeron,4,Chrome OS,1.0,198.0
706,ASUS,ASUS VivoBook,17.3,Intel Core i5,12,Windows 11,4.0,519.0
713,Lenovo,Lenovo Thinkpad,14.0,Core i7-8650U,16,Windows 10 Pro,4.3,1599.0
718,Lenovo,IdeaPad 3 15ITL6,15.6,Pentium,4,Windows 10 Home,5.0,349.99
720,Microsoft,LQS-00038,13.5,Core i5 8400T,8,Windows 10 Home,4.4,449.0
725,ASUS,VivoBook Pro 16X,16.0,Core i7,32,Windows 11 Home,3.3,1445.82
726,LG,16Z90P-K.AAB9U1,16.0,Core i7 Family,16,Windows 11,4.5,1546.84
727,Panasonic,CF-31 MK5,13.1,Core i5 5300U,8,Windows 10,5.0,552.99
732,Lenovo,ThinkPad E570,15.6,Core i5,8,Windows 10 Professional 64-bit,3.5,369.95
733,Dell,Latitude,15.6,Core i7 Family,64,Windows 11 Pro,5.0,1125.0
734,Dell,Latitude 7320 Detachable 2-in-1,13.0,Core i5,8,Windows 11 Pro,1.0,749.99
740,Lenovo,20VK0019US,13.3,Core i7,16,Windows 10 Pro,3.7,849.0
742,Panasonic,Panasonic Toughbook,13.1,Core i5,16,Windows 10,4.2,599.99
750,Dell,Latitude Rugged 5430 Laptop,14.0,Core i5,16,Windows 11 Pro,5.0,1499.99
754,ASUS,ASUS VivoBook 17X,17.3,Ryzen 7 5800H,8,Windows 11 Home,3.8,743.66
758,acer,A515-57G-58R7,15.6,Intel Core i5,8,Windows 11 Home,4.2,879.99
761,Dell,Precision 5560,15.6,Intel Core i9,16,Windows 10 Pro,4.2,2499.99
772,Panasonic,Panasonic Toughbook,15.4,Core i5,16,Windows 10 Pro,5.0,606.89
773,ASUS,Vi F5,15.6,Intel Core i3,8,Windows 11,4.2,370.23
774,Apple,MacBook Pro,16.0,Core i9 7960X,16,Mac OS,4.7,1419.0
780,Lenovo,IdeaPad Slim 7 Pro 14IHU5,14.0,Core i5 Family,16,Windows 11 Home,4.3,711.99
782,Panasonic,CF-52 MK5,15.4,Core i5,8,Windows 10,3.9,450.0
789,Lenovo,Lenovo,15.6,Intel Core i5,12,Windows 10,4.4,899.99
791,Lenovo,130-15AST,15.6,AMD A Series,4,Windows 10 Home,4.2,399.99
795,Dell,Latitude,15.6,Core i5,32,Windows 10 Pro,5.0,1481.86
796,Dell,Inspiron,14.0,Core i7 Family,64,Windows 11 Home,5.0,993.23
797,Dell,5300,13.3,Core i7 Family,16,Windows 10 Pro,4.2,1499.0
801,Lenovo,ThinkPad P16 G1,16.0,Core i7 Family,32,Windows 11 Pro,2.5,2119.0
805,Dell,Alienware m15 R5 Ryzen Edition Laptop,15.6,AMD Ryzen 7,32,Windows 10 Home,4.2,1986.99
806,MSI,MSI Katana 15,15.6,Core i7,16,Windows 11 Home,4.4,1349.49
809,HP,HP Envy,14.0,Core i3,8,Windows 10,4.6,587.99
812,Dell,Dell Latitude,14.0,Core i3,2,Windows 7 Home Premium,3.0,99.99
813,HP,14-fq0013dx,14.0,AMD A Series,4,Windows 10 S,4.3,207.99
815,HP,HP Laptop 15-dy2031nr,15.6,Core i3,8,Windows 11,5.0,479.99
816,acer,CP311-2H-C3KA,11.6,Celeron N,4,Chrome OS,4.5,316.39
817,HP,056-01-4094,11.6,MediaTek MT8183,4,Chrome OS,4.2,168.0
821,Lenovo,ThinkBook 14s Yoga G2 IAP,14.0,Core i7,16,Windows 11,5.0,1209.0
830,Microsoft,Surface Laptop,15.0,Ryzen 7,16,Windows 10 Home,4.1,1299.0
831,Dell,M,15.6,AMD R Series,32,Windows 11,3.5,1962.99
832,HP,HP ProBook,14.0,Core i5,4,Windows 7 Professional,5.0,124.0
837,Dell,XPS 17 9700,17.0,Core i9,32,Windows 10 Home,4.1,4999.0
838,MSI,Modern 14 C13M-621US,14.0,Core i7,16,Windows 11 Home,5.0,839.99
839,Lenovo,ThinkPad P16 Gen 1,16.0,Core i7 Family,16,Windows 11 Pro,4.5,1499.0
840,acer,C732-C6WU,11.6,Celeron N3350,4,Chrome OS,4.4,334.99
847,Dell,XPS 17 9720,17.0,Intel Core i9,64,Windows 11 Pro,5.0,3399.99
852,Lenovo,Chromebook,11.6,A-Series,4,Chrome OS,4.2,253.46
858,Lenovo,Lenovo Flex 5 2 in 1,14.0,Ryzen 3 4300U,4,Windows 10,4.2,468.0
859,ASUS,ROG Strix Scar GL703GE,17.3,Core i7,16,Windows 10 Home,4.3,1699.0
862,Lenovo,ThinkPad P15s Gen 2,15.6,Core i7 Family,32,Windows 10 Pro,1.0,1349.99
863,IVIEW,IVIEW MEGATRON 4G,14.1,Intel Celeron D,4,Windows 10 Pro,3.1,239.99
868,HP,ZBOOK 17 G3,17.3,Core i7,16,Windows 10 Pro 64 Bit Multi-Language Support English/French/Spanish,1.0,474.98
869,Lenovo,300e-convertible,11.6,Celeron N3450,4,Windows 10 Home,4.0,269.99
870,acer,Acer Swift,14.0,Intel Core i7-1165G7,8,Windows 10,2.9,599.99
876,MSI,CreatorPro X17 A12UKS-059,17.3,Core i9,32,Windows 11,5.0,4499.0
877,Lenovo,Lenovo Ideapad,15.6,Core i3,4,Windows 11 Home in S Mode,3.7,360.0
880,Dell,Latitude 7320 Detachable 2-in-1,13.0,Core i5,8,Windows 11 Pro,3.0,749.99
881,ASUS,E410MA-TB.CL464,14.0,Celeron,4,Windows 11 S,4.6,229.99
887,HP,HP Stream,11.6,Others,4,Windows 10,4.8,176.24
888,Lenovo,Lenovo Ideapad,15.6,Core i3-10110U,8,Windows 10,4.5,400.0
894,Dell,Dell Inspiron 15 3525 Laptop,15.6,Ryzen 7,64,Windows 11 Home,4.1,971.04
896,MSI,GL66 12UGKV,15.6,Core I7 11800H,64,Windows 11 Pro,4.8,1808.99
899,hp,HP Stream,11.6,Celeron N4000,4,Windows 10 S,4.2,194.97
903,Dell,Alienware m17 Ryzen Edition R5 Laptop,17.3,AMD Ryzen 7,16,Windows 11 Home,5.0,1881.99
904,ASUS,TAICHI21,11.6,Core i5-3317U,4,Windows 8,3.5,462.0
905,XPG,Xenia 15G,15.6,Core i7,32,Windows 11 Home,5.0,1699.99
906,HP,HP Pavilion i7-1065G7 FHD Touch,15.6,Core i7,12,Windows 10,3.4,959.99
910,Dell,KX9W6,13.3,Intel Core i7,16,Windows 10 Pro,5.0,1273.99
928,Gigabyte,AORUS 17 XE4-73US514SH,17.0,Intel Mobile CPU,16,Windows 11 Home,4.0,1119.99
930,Apple,MacBook Pro,13.0,Apple M1,16,macOS 12 Monterey,1.0,1657.99
932,Dell,Latitude 3000,14.0,Intel Core i5-1135G7,8,Windows 10 Pro,1.7,836.16
934,Dell,Latitude 7410 Laptop,14.0,Core i7,16,Windows 11 Pro,5.0,749.99
939,Lenovo,Yoga C940-14IIL,14.0,Core i7-1065G7,8,Windows 10,4.0,899.0
940,ASUS,ASUS Rog Strix,15.6,Corei7-10750H,8,Windows 10,5.0,979.0
941,acer,Chromebook 315 CB315-4H,15.6,Celeron,4,Chrome OS,4.5,312.99
945,HP,17-by4013dx,15.6,Athlon Silver 3050U,8,Windows 11 Home,4.5,378.0
946,Lenovo,Chromebook Flex 5,13.3,Core i3-10110U,4,Chrome OS,5.0,399.0
947,Dell,Latitude 5320 2-in-1,13.3,Core i7,16,Windows 10 Pro,3.4,1273.99
948,Dell,Latitude 5430 Laptop,14.0,Core i7,32,Windows 11 Pro,5.0,1227.99
949,ASUS,ASUS Chromebook C423,14.0,Celeron,4,Chrome OS,4.2,199.0
954,Lenovo,T450,14.0,Core i5 5300U,16,Windows 10 Home,5.0,139.98
955,Dell,xps 15 7590,15.6,Core i7,16,Windows 10 Pro,3.5,979.0
959,Lenovo,ThinkPad T15g Gen 2,15.6,Core i9,32,Windows 10 Pro,4.5,4119.0
971,Panasonic,Panasonic Toughbook,13.1,Core i5,4,Windows 7,2.7,299.95
972,acer,Chromebook,15.6,Celeron 3205U,4,Chrome OS,3.6,93.99
973,Dell,i3500-7722BLK-PUS,15.6,Corei7-10750H,16,Windows 10 Home,4.3,1699.0
976,Dell,Dell Inspiron 16 5625,16.0,AMD Ryzen 7,16,Windows 11 Home,5.0,854.86
978,Microsoft,Laptop 4 13 i5/8GB/512GB ICE BLUE,13.5,Intel Core i5,8,Windows 10 Home,4.4,865.0
986,ASUS,ASUS VivoBook,14.0,Core i3,4,Windows 10 Home,4.4,446.98
992,HP,HP Chromebook 11,11.6,Celeron N,4,Chrome OS,4.0,69.82
993,Dell,Dell XPS,13.3,Core i5,8,Windows 10,3.6,1099.95
999,Lenovo,Thinkpad,11.6,Celeron,4,Windows 10 Pro,3.7,286.0
1002,Microsoft,Surface Laptop,15.0,Ryzen 5 2600X,8,Windows 10 Home,4.2,799.0
1007,Dell,Inspiron 7620 Laptop,16.0,Core i7,40,Windows 11 Home,5.0,1498.0
1008,IVIEW,IVIEW-1430NB,14.1,Celeron N3350,4,Windows 10,4.3,189.95
1015,Dell,Precision 5000,15.6,Core i7 Family,32,Windows 10 Pro,4.0,1699.95
1018,Dell,Alienware X17 R2 Laptop,17.3,Core i9,64,Windows 11 Home,5.0,3208.03
1020,ASUS,ASUS VivoBook,11.6,Celeron N,2,Windows 10,4.2,199.99
1025,Lenovo,Lenovo IdeaPad,15.6,Pentium Other,20,Windows 11,4.2,419.0
1026,acer,Swift Go 14,14.0,Intel Core i5,8,Windows 11 Home,4.3,799.99
1031,Dell,Latitude 5420,14.0,Core i5,8,Windows 10 Pro,3.7,656.25
1032,acer,Chromebook 311,11.6,MediaTek MT8183,4,Chrome OS,4.4,219.0
1033,Gigabyte,U4 UD-50US823SO,14.0,Intel Mobile CPU,16,Windows 11 Home,3.3,700.43
1039,ASUS,Vivobook,11.6,Celeron N,4,Windows 10 S,4.0,169.0
1040,Dell,Latitude,15.6,Core i7 Family,32,Windows 11 Pro,4.3,949.0
1054,SAMSUNG,Chromebook 4,11.6,Celeron N3450,4,Chrome OS,4.9,249.49
1056,Lenovo,Chromebook Flex 3,11.6,Celeron N4020,4,Chrome OS,4.3,229.0
1070,LG,LG gram,15.6,Core i5 2.3 GHz,8,Windows 10 Home,4.0,999.99
1071,Dell,XPS,17.0,Core I7 11800H,16,Windows 10,3.8,2179.05
1076,Dell,Latitude,15.6,Core i5,16,Windows 10 Pro,5.0,1436.81
1077,Dell,7000,13.3,AMD Ryzen 7,12,Windows 10,3.9,795.0
1078,HP,HP 14 laptop,14.0,Core i3,4,Windows 10 Home,3.7,328.58
1079,Dell,Latitude 5420,15.6,Core i5,8,Windows 10 Pro,4.2,1443.6
1083,acer,C771-C4TM,11.6,Celeron,1,Chrome OS,4.2,295.4
1084,Dell,Dell Latitude,13.3,Core i5,8,Windows 10 Pro,5.0,729.0
1088,Dell,Latitude 7420,14.0,Core i5,16,Windows 10 Pro,5.0,544.0
1099,Lenovo,Lenovo ThinkPad T14 Gen 3 AMD,14.0,AMD Ryzen 7,16,Windows 11 Pro,5.0,1131.06
1100,HP,ELITEBOOK 820G3,12.5,Core i5,16,Windows 10 Pro 64 Bit Multi-Language Support English/French/Spanish,4.0,307.98
1101,MSI,Modern 14 B11MO-857,14.0,Core i5,8,Win 10 Multi-language /Free upgrade to Win 11,2.0,699.0
1102,Dell,E6540,15.6,Core i7,8,Windows 7 Professional,3.7,529.95
1113,ASUS,VivoBook,15.6,Core i3 Family,12,Windows 11 Home,3.8,479.0
1114,Dell,DELL XPS 15 9520,15.6,Core i7,32,Windows 11 Pro,1.0,1681.29
1118,Toughbook,CF-54 MK1,14.0,Intel Core i5,8,Windows 10 Pro,3.3,749.89
1119,Lenovo,Yoga,14.0,Intel Core i5-1135G7,12,Windows 10 Home,3.8,1049.0
1124,Dell,Dell Latitude 14 5000 E5470,14.0,Core i7,16,Windows 10 Pro,5.0,339.0
1125,Dell,Dell Latitude,15.6,Core i3,4,Windows 7,4.3,249.95
1130,Dell,Inspiron,14.0,Core i7,64,Windows 11 Home,5.0,993.23
1131,HP,EliteBook Folio,14.0,Core i5-4210U,4,Windows 10 64 Bit-Multi-Language Supports English/Spanish/French,5.0,252.98
1133,Lenovo,ThinkPad X1 Nano Gen1,13.0,Core i7 Family,16,Windows 11 Pro,5.0,1504.08
1137,Dell,Dell Latitude,14.0,8032,8,Windows 10,4.7,540.0
1140,acer,PT516-52s-73YD,16.0,Core i7,16,Windows 11 Home,2.8,1849.0
1145,HP,B09HSNNCQL,15.6,Athlon,4,Windows 10 Home,5.0,288.0
1153,acer,CB3-111,11.6,Celeron,16,Chrome OS,4.4,159.95
1155,Dell,Latitude 5420,14.0,Core i5 Family,64,Windows 11 Pro,4.7,1419.92
1156,MSI,Raider GE76 12UHS-255,17.3,Core i7,32,Windows 11 Home,3.8,3599.0
1159,HP,HP Envy,13.3,Intel Core i7-1165G7,16,Windows 10 Pro,3.8,1499.0
1160,Dell,Precision 3000,15.6,Core i7,16,Windows 11,5.0,1734.21
1161,Dell,Latitude,15.6,Core i7 Family,16,Windows 11 Pro,5.0,873.93
1167,LG,17Z95P-K.AAB9U1,17.0,Core i7 Family,16,Windows 11,4.4,1515.03
1170,HP,HP Notebook,15.6,Celeron,16,Windows 10,4.1,425.99
1172,Dell,Dell Precision,13.4,Core i7 Family,16,Windows 10 Pro,4.7,1101.49
1178,Dell,Latitude 3000,11.6,Celeron,4,Windows 11,2.3,287.99
1180,Dell,Latitude 5000,14.0,Celeron,4,Chrome OS,4.5,361.65
1188,Dell,Dell Inspiron,11.6,AMD A Series,4,Windows 10,3.7,289.0
1189,LG,14T90P-K.AAG9U1,14.0,Core i7 Family,16,Windows 11 Home,4.5,1699.99
1190,Lenovo,Lenovo Legion 5,17.3,Ryzen 7 5800H,64,Windows 11 Home,3.8,2899.0
1192,Dell,Dell Latitude,13.3,Core i5,8,Windows 10 Pro,5.0,545.0
1196,acer,Chromebook Spin 511 R753T,11.6,Celeron,8,Chrome OS,2.9,485.99
1197,Dell,Dell Precision,17.3,Core i7 Family,16,Windows 10 Pro,5.0,1998.77
1198,Lenovo,Lenovo ThinkPad X1 Yoga I5,14.0,Core i5,8,Windows 10 Pro,5.0,844.65
1205,HP,HP14CA000NR,14.0,Celeron,4,Chrome OS,4.5,169.0
1206,Lenovo,20YGS02Q00,15.6,Core i7,8,Windows 10,5.0,799.0
1218,Dell,F2WJ0,14.0,Intel Core i5,16,Windows 10 Pro,5.0,1557.79
1219,Dell,Dell Latitude 7214 Rugged Laptop 2 In 1,11.6,Intel Core i5,8,Windows 10 Pro,3.9,899.95
1220,MSI,Vector GP66 12UGS-267,15.66,Intel Core i9,32,Windows 11 Home,5.0,1599.0
1221,MSI,Stealth GS66 12UGS-025,15.6,Intel Core i9,32,Windows 11 Home,1.0,1699.0
1223,Dell,Dell Latitude,14.0,8032,8,Windows 10,4.7,540.0
1226,acer,PT516-52s-73YD,16.0,Core i7,16,Windows 11 Home,2.8,1849.0
1227,Lenovo,Yoga 710,15.6,Intel Core i5,8,Windows 10,4.2,699.99
1231,Dell,DELL-XPS-9720,17.0,Core i7 Family,64,Windows 10 Pro,5.0,3799.0
1234,Lenovo,ThinkPad P16s G1,16.0,Ryzen 7,32,Windows 11 Pro,1.0,2399.99
1238,MSI,Vector GP66 12UGS-267,15.66,Intel Core i9,32,Windows 11 Home,5.0,1599.0
1239,MSI,Stealth GS66 12UGS-025,15.6,Intel Core i9,32,Windows 11 Home,1.0,1699.0
1240,MSI,Vector GP66 12UGS-267,15.66,Intel Core i9,32,Windows 11 Home,5.0,1599.0
1241,MSI,Stealth GS66 12UGS-025,15.6,Intel Core i9,32,Windows 11 Home,1.0,1699.0
1245,MSI,Vector GP66 12UGS-267,15.66,Intel Core i9,32,Windows 11 Home,5.0,1599.0
1246,MSI,Stealth GS66 12UGS-025,15.6,Intel Core i9,32,Windows 11 Home,1.0,1699.0
1248,acer,CB3-111,11.6,Celeron,16,Chrome OS,4.4,159.95
1250,Dell,Latitude 5420,14.0,Core i5 Family,64,Windows 11 Pro,4.7,1419.92
1251,MSI,Raider GE76 12UHS-255,17.3,Core i7,32,Windows 11 Home,3.8,3599.0
1252,Dell,Dell Inspiron 15 3520,15.6,Core i7,16,Windows 11 Home,4.0,809.0
1256,HP,HP Chromebook,14.0,Celeron N4020,4,Windows 10 S,4.3,228.0
1257,MSI,Vector GP66 12UGS-267,15.66,Intel Core i9,32,Windows 11 Home,5.0,1599.0
1258,MSI,Stealth GS66 12UGS-025,15.6,Intel Core i9,32,Windows 11 Home,1.0,1699.0
1260,HP,HP Envy,13.3,Intel Core i7-1165G7,16,Windows 10 Pro,3.8,1499.0
1261,Dell,Precision 3000,15.6,Core i7,16,Windows 11,5.0,1734.21
1262,Dell,Latitude,15.6,Core i7 Family,16,Windows 11 Pro,5.0,873.93
1268,LG,17Z95P-K.AAB9U1,17.0,Core i7 Family,16,Windows 11,4.4,1515.03
1270,MSI,Vector GP66 12UGS-267,15.66,Intel Core i9,32,Windows 11 Home,5.0,1599.0
1271,MSI,Stealth GS66 12UGS-025,15.6,Intel Core i9,32,Windows 11 Home,1.0,1699.0
1273,Dell,Dell Precision,13.4,Core i7 Family,16,Windows 10 Pro,4.7,1101.34
1276,Dell,Latitude 3000,11.6,Celeron,4,Windows 11,2.3,287.99
1278,Dell,Latitude 5000,14.0,Celeron,4,Chrome OS,4.5,361.65
1286,Dell,Dell Inspiron,11.6,AMD A Series,4,Windows 10,3.7,289.0
1287,LG,14T90P-K.AAG9U1,14.0,Core i7 Family,16,Windows 11 Home,4.5,1699.99
1288,Lenovo,Lenovo Legion 5,17.3,Ryzen 7 5800H,64,Windows 11 Home,3.8,2899.0
1293,MSI,Vector GP66 12UGS-267,15.66,Intel Core i9,32,Windows 11 Home,5.0,1599.0
1294,MSI,Stealth GS66 12UGS-025,15.6,Intel Core i9,32,Windows 11 Home,1.0,1699.0
1296,Dell,Dell Latitude,13.3,Core i5,8,Windows 10 Pro,5.0,545.0
1297,acer,Chromebook Spin 511 R753T,11.6,Celeron,8,Chrome OS,2.9,485.99
1298,Dell,Dell Precision,17.3,Core i7 Family,16,Windows 10 Pro,5.0,1998.77
1299,Lenovo,Lenovo ThinkPad X1 Yoga I5,14.0,Core i5,8,Windows 10 Pro,5.0,844.65
1306,MSI,Vector GP66 12UGS-267,15.66,Intel Core i9,32,Windows 11 Home,5.0,1599.0
1307,MSI,Stealth GS66 12UGS-025,15.6,Intel Core i9,32,Windows 11 Home,1.0,1699.0
1311,HP,HP14CA000NR,14.0,Celeron,4,Chrome OS,4.5,169.0
1312,Lenovo,20YGS02Q00,15.6,Core i7,8,Windows 10,5.0,799.0
1324,MSI,Vector GP66 12UGS-267,15.66,Intel Core i9,32,Windows 11 Home,5.0,1599.0
1325,MSI,Stealth GS66 12UGS-025,15.6,Intel Core i9,32,Windows 11 Home,1.0,1699.0
1327,MSI,Vector GP66 12UGS-267,15.66,Intel Core i9,32,Windows 11 Home,5.0,1599.0
1328,MSI,Stealth GS66 12UGS-025,15.6,Intel Core i9,32,Windows 11 Home,1.0,1699.0
1331,Dell,Inspiron,14.0,Core i7 Family,32,Windows 11 Home,4.5,880.62
1337,Razer,Blade 17,17.3,Intel Core i9,32,Windows 11,3.7,5599.0
1339,ASUS,ASUS VivoBook Go 14,14.0,Celeron,4,Windows 11 Home S,5.0,432.99
1341,acer,CB315-2H-25TX,15.6,AMD A4,4,Chrome OS,4.3,344.0
1342,MSI,Prestige 14 EVO A11M-221,14.0,Core i5,16,Windows 10,3.6,1025.01
1348,MSI,Vector GP66 12UGS-267,15.66,Intel Core i9,32,Windows 11 Home,5.0,1599.0
1349,MSI,Stealth GS66 12UGS-025,15.6,Intel Core i9,32,Windows 11 Home,1.0,1699.0
1351,Dell,Latitude 7420 Laptop,14.0,Core i7,16,Windows 11 Pro,5.0,879.84
1354,MSI,Vector GP66 12UGS-267,15.66,Intel Core i9,32,Windows 11 Home,5.0,1599.0
1355,MSI,Stealth GS66 12UGS-025,15.6,Intel Core i9,32,Windows 11 Home,1.0,1699.0
1357,Lenovo,ThinkPad X1,14.0,Intel Core i7,16,Windows 10 Pro (64-Bit),3.5,1470.77
1362,acer,Aspire One,14.0,Celeron,4,Windows 10,3.8,275.0
1364,LG,17Z95P-K.AAS9U1,17.0,Core i7 Family,16,Windows 11,4.7,1850.52
1367,Dell,Precision 7770,17.0,Core i7,64,Windows 11 Pro,5.0,3498.77
1371,MSI,Vector GP66 12UGS-267,15.66,Intel Core i9,32,Windows 11 Home,5.0,1599.0
1372,MSI,Stealth GS66 12UGS-025,15.6,Intel Core i9,32,Windows 11 Home,1.0,1699.0
1374,Dell,N8P7J,15.6,Intel Core i5,16,Windows 10 Pro,5.0,890.77
1376,Dell,Alienware X17 R2 Laptop,17.3,Core i9,64,Windows 11 Home,3.4,3273.54
1379,Lenovo,ThinkPad X1 Nano Gen1 Ultrabook,14.0,Intel Core i5-1135G7,16,Windows 10,2.8,1379.99
1380,Lenovo,IdeaPad,14.0,Core i7 Family,16,Windows 11 Pro,3.9,999.0
1386,MSI,Vector GP66 12UGS-267,15.66,Intel Core i9,32,Windows 11 Home,5.0,1599.0
1387,MSI,Vector GP66 12UGS-267,15.66,Intel Core i9,32,Windows 11 Home,5.0,1599.0
1388,MSI,Stealth GS66 12UGS-025,15.6,Intel Core i9,32,Windows 11 Home,1.0,1699.0
1392,MSI,Vector GP66 12UGS-267,15.66,Intel Core i9,32,Windows 11 Home,5.0,1599.0
1393,MSI,Stealth GS66 12UGS-025,15.6,Intel Core i9,32,Windows 11 Home,1.0,1699.0
1395,Dell,Dell Xps,13.3,Core i5,8,Windows 10 Home,3.8,999.0
1404,HP,Elitebook 840 G5 Commercial Notebook PC,14.0,Core i7 8550U,16,Windows 10 Pro,4.0,1699.0
1408,MSI,Vector GP66 12UGS-267,15.66,Intel Core i9,32,Windows 11 Home,5.0,1599.0
1409,MSI,Stealth GS66 12UGS-025,15.6,Intel Core i9,32,Windows 11 Home,1.0,1699.0
1411,Lenovo,IdeaPad 3 15IML05,15.6,Unknown,4,Windows 10 Home,2.9,324.86
1415,MSI,Vector GP66 12UGS-267,15.66,Intel Core i9,32,Windows 11 Home,5.0,1599.0
1416,MSI,Stealth GS66 12UGS-025,15.6,Intel Core i9,32,Windows 11 Home,1.0,1699.0
1418,LG,16Z90P-K.AAB7U1,16.0,Core i7 Family,16,Windows 11 Home,4.1,999.0
1419,MSI,Vector GP66 12UGS-267,15.66,Intel Core i9,32,Windows 11 Home,5.0,1599.0
1420,MSI,Stealth GS66 12UGS-025,15.6,Intel Core i9,32,Windows 11 Home,1.0,1699.0
1422,MSI,Vector GP66 12UGS-267,15.66,Intel Core i9,32,Windows 11 Home,5.0,1599.0
1423,MSI,Stealth GS66 12UGS-025,15.6,Intel Core i9,32,Windows 11 Home,1.0,1699.0
1425,Dell,Y68F1,14.0,Intel Core i5,16,Windows 10 Pro,2.0,1899.0
1428,MSI,Vector GP66 12UGS-267,15.66,Intel Core i9,32,Windows 11 Home,5.0,1599.0
1429,MSI,Stealth GS66 12UGS-025,15.6,Intel Core i9,32,Windows 11 Home,1.0,1699.0
1431,Lenovo,TP X140E A4/1.5 11.6 4GB 500GB W7P-W8P64,11.6,AMD A Series,4,Windows 7 Professional,3.6,298.95
1433,MSI,GS76 Stealth 11UE-623,17.3,Core i7,16,Microsoft Windows 10 Professional (64bit),5.0,1989.33
1434,ASUS,Vivobook 15 F512DA,15.6,Ryzen 3 3200U,8,Windows 10 Home,4.3,419.99
1440,Dell,Latitude 5320 Laptop,13.3,Core i5,8,Windows 10 Pro,5.0,740.98
1441,MSI,Vector GP66 12UGS-267,15.66,Intel Core i9,32,Windows 11 Home,5.0,1599.0
1442,MSI,Stealth GS66 12UGS-025,15.6,Intel Core i9,32,Windows 11 Home,1.0,1699.0
1444,MSI,Vector GP66 12UGS-267,15.66,Intel Core i9,32,Windows 11 Home,5.0,1599.0
1445,MSI,Stealth GS66 12UGS-025,15.6,Intel Core i9,32,Windows 11 Home,1.0,1699.0
1448,acer,E5-575,15.6,Core i3,4,Windows 10,3.9,449.99
1449,ASUS,X555QA-CBA12A,15.6,A-Series,8,Windows 10,4.0,399.99
1454,Dell,Dell Inspiron 15 Laptop,15.6,Ryzen 7,64,Windows 11 Home,4.1,971.04
1455,Dell,XPS 9720 Laptop,17.0,Core i7,32,Windows 11 Home,2.6,1589.0
1460,MSI,Vector GP66 12UGS-267,15.66,Intel Core i9,32,Windows 11 Home,5.0,1599.0
1461,MSI,Stealth GS66 12UGS-025,15.6,Intel Core i9,32,Windows 11 Home,1.0,1699.0
1467,acer,SF714-51T-M9H0,14.0,Core i7,8,Windows 10 Home,3.9,1518.88
1468,HP,HP Envy,15.6,Core i7,16,Windows 11 Home,4.6,849.49
1475,Dell,Alienware m15 R4,15.6,Core i7,16,Windows 10 Home,4.4,1598.0
1476,Dell,Dell Latitude,13.3,Core i7,16,Windows 10 Pro,4.2,1239.77
1477,acer,SFX16-52G-73U6,16.0,Core i7,16,Windows 11 Home,4.8,1249.0
1482,MSI,Vector GP66 12UGS-267,15.66,Intel Core i9,32,Windows 11 Home,5.0,1599.0
1483,MSI,Stealth GS66 12UGS-025,15.6,Intel Core i9,32,Windows 11 Home,1.0,1699.0
1485,ASUS,ZenBook Pro Duo,14.0,Core i7-10510U,16,Windows 10 Pro,4.5,2499.0
1486,Alienware,17 R5,17.3,Core i7,32,Windows 10 Home,5.0,1594.95
1491,Dell,Latitude Rugged 5430 Laptop,14.0,Core i5,16,Windows 11 Pro,5.0,1659.67
1492,acer,Acer Chromebook 715,15.6,Core i3 8130U,4,Chrome OS,4.3,429.99
1493,HP,HP Pavilion Gaming 17 Laptop,17.3,Core i7,16,Windows 10 Home,4.6,2299.0
1494,Lenovo,Lenovo Thinkpad,14.0,68000,5,Windows 10,5.0,1149.0
1498,MSI,Vector GP66 12UGS-267,15.66,Intel Core i9,32,Windows 11 Home,5.0,1599.0
1499,MSI,Stealth GS66 12UGS-025,15.6,Intel Core i9,32,Windows 11 Home,1.0,1699.0
1501,SAMSUNG,Samsung Galaxy Book Pro,15.6,Core i7,16,Windows 10 Home,4.6,1299.0
1505,MSI,Vector GP66 12UGS-267,15.66,Intel Core i9,32,Windows 11 Home,5.0,1599.0
1506,MSI,Stealth GS66 12UGS-025,15.6,Intel Core i9,32,Windows 11 Home,1.0,1699.0
1510,Dell,Latitude 3410,14.0,Core i5-10210U,8,Windows 10 Pro,3.7,600.49
1514,MSI,Vector GP66 12UGS-267,15.66,Intel Core i9,32,Windows 11 Home,5.0,1599.0
1515,MSI,Stealth GS66 12UGS-025,15.6,Intel Core i9,32,Windows 11 Home,1.0,1699.0
1518,Quality Refurbished Computers,E6520,15.6,Core i7-2620QM,8,Windows 7 Professional,3.4,222.88
1523,Dell,Dell Inspiron,15.6,8032,16,Windows 10,3.3,1288.88
1529,MSI,Vector GP66 12UGS-267,15.66,Intel Core i9,32,Windows 11 Home,5.0,1599.0
1530,MSI,Stealth GS66 12UGS-025,15.6,Intel Core i9,32,Windows 11 Home,1.0,1699.0
1532,MSI,Vector GP66 12UGS-267,15.66,Intel Core i9,32,Windows 11 Home,5.0,1599.0
1533,MSI,Stealth GS66 12UGS-025,15.6,Intel Core i9,32,Windows 11 Home,1.0,1699.0
1535,ASUS,ASUS VivoBook S 15,15.6,Ryzen 7,8,Windows 11 Home,5.0,848.88
1536,MSI,Vector GP66 12UHSO-673,15.6,Core i9,32,Windows 11 Home,4.2,2591.48
1537,Lenovo,C470-14,14.0,Core i5-10210U,8,Windows 10 Home,4.4,739.99
1552,MSI,Vector GP66 12UGS-267,15.66,Intel Core i9,32,Windows 11 Home,5.0,1599.0
1553,MSI,Stealth GS66 12UGS-025,15.6,Intel Core i9,32,Windows 11 Home,1.0,1699.0
1558,MSI,Raider GE76,17.3,Intel Core i9,32,Windows 11 Pro,5.0,1997.1
1563,Dell,Dell Inspiron 14 5000 5406,14.0,Core i5,8,Windows 10,5.0,699.0
1570,MSI,Vector GP66 12UGS-267,15.66,Intel Core i9,32,Windows 11 Home,5.0,1599.0
1571,MSI,Stealth GS66 12UGS-025,15.6,Intel Core i9,32,Windows 11 Home,1.0,1699.0
1577,MSI,Vector GP66 12UGS-267,15.66,Intel Core i9,32,Windows 11 Home,5.0,1599.0
1578,MSI,Stealth GS66 12UGS-025,15.6,Intel Core i9,32,Windows 11 Home,1.0,1699.0
1586,ASUS,ASUS ZenBook,13.3,Core i7,8,Windows 10 Pro,3.8,1143.73
1588,Lenovo,P15,15.6,Core i7,16,Windows 10 Pro,3.4,1539.77
1590,Lenovo,Yoga 3 80JH0025US,14.0,Core i5,8,Windows 8.1,3.0,699.0
1591,MSI,MSI GF75,17.3,8032,8,Windows 10 Home,4.0,1599.0
1595,MSI,Vector GP66 12UGS-267,15.66,Intel Core i9,32,Windows 11 Home,5.0,1599.0
1596,MSI,Stealth GS66 12UGS-025,15.6,Intel Core i9,32,Windows 11 Home,1.0,1699.0
1600,HP,329M8UT#ABA,14.0,AMD R Series,16,Windows 10,5.0,179.55
1606,LPT,Dell Inspiron,15.6,AMD Ryzen 7,32,Windows 10 Home,5.0,1799.0
1609,ASUS,ProArt StudioBook 17,17.0,Intel Core i7,32,Windows 10 Pro,4.5,2799.0
1613,MSI,Vector GP66 12UGS-267,15.66,Intel Core i9,32,Windows 11 Home,5.0,1599.0
1614,MSI,Stealth GS66 12UGS-025,15.6,Intel Core i9,32,Windows 11 Home,1.0,1699.0
1617,Dell,XPS 9305 Laptop,13.3,Core i5,8,Windows 11 Home,4.0,798.94
1619,Dell,Precision 7000,15.6,Core i7 Family,32,Windows 10 Pro,3.9,1769.77
1620,acer,TMP414-51-506U,14.0,Intel Core i5,8,Windows 10 Pro,2.1,699.8
1621,Dell,Latitude 3000,15.6,Core i3,8,Windows 11 Pro,5.0,727.53
1622,hp,HP Spectre,13.3,Core i7,16,Windows 11 Home,4.4,2399.0
1623,Microsoft,DAG-00114,13.5,Core i5,8,Windows 10 Home,4.5,199.99
1630,Dell,Inspiron,15.6,AMD Ryzen 5 5500U,16,Windows 10 Home,3.9,1199.0
1632,Dell,Latitude,14.0,Core i7,16,Windows 11 Pro,1.0,1065.99
1633,Lenovo,Lenovo Thinkpad,14.0,Core i5,8,Windows 10 Pro,5.0,895.3
1637,MSI,Vector GP66 12UGS-267,15.66,Intel Core i9,32,Windows 11 Home,5.0,1599.0
1638,MSI,Stealth GS66 12UGS-025,15.6,Intel Core i9,32,Windows 11 Home,1.0,1699.0
1640,Lenovo,T460,14.0,Core i7,8,Windows 10,4.0,449.0
1646,Lenovo,Lenovo Thinkpad,14.0,Core i5 Family,8,Windows 10 Pro,3.1,284.97
1651,MSI,Vector GP66 12UGS-267,15.66,Intel Core i9,32,Windows 11 Home,5.0,1599.0
1652,MSI,Stealth GS66 12UGS-025,15.6,Intel Core i9,32,Windows 11 Home,1.0,1699.0
1654,HP,HP EliteBook,14.0,Core i5-3320M,4,Windows 10 Pro,4.4,109.0
1655,Lenovo,81WE00EPUS,15.6,Core i5-1035G1,8,Windows 10,4.7,545.0
1656,ASUS,VivoBook S15,15.6,Intel Core i7,16,Windows 10 Home,3.7,933.45
1660,HP,Elitebook 845 G9,14.0,Ryzen 7,64,Windows 11 Pro,1.0,1999.0
1661,HP,Spectre 14T x360,13.5,Core i7 Family,16,Windows 11 Pro,4.9,2399.0
1663,Goldengulf,GG20826,10.1,A10-7700K,2,Windows,3.5,218.86
1668,MSI,Vector GP66 12UGS-267,15.66,Intel Core i9,32,Windows 11 Home,5.0,1599.0
1669,MSI,Stealth GS66 12UGS-025,15.6,Intel Core i9,32,Windows 11 Home,1.0,1699.0
1671,acer,CB5-132T,11.6,Celeron,4,Chrome OS,4.5,229.0
1672,Dell,Alienware,17.3,Core i7,16,Windows 10 Home,3.7,1499.95
1673,Dell,Latitude 5310 Laptop,13.3,Core i7,16,Windows 10 Pro,4.0,897.52
1678,Dell,T1CFT,15.0,Core i7,16,Windows 10 Pro (English/French/Spanish),4.0,2799.0
1679,Lenovo,Lenovo Ideapad,15.6,Core i5,8,Windows 10 Home,4.7,559.41
1680,Dell,Dell XPS,15.6,Core i7,16,Windows 10 Home,3.9,1036.82
1683,Dell,XPS9500,15.6,Core i7 Family,32,Windows 10,3.7,1779.95
1684,Microsoft,"Surface Laptop 12""",12.45,Core i5-1035G1,4,Windows 10 S,4.2,269.99
1688,MSI,Vector GP66 12UGS-267,15.66,Intel Core i9,32,Windows 11 Home,5.0,1599.0
1689,MSI,Stealth GS66 12UGS-025,15.6,Intel Core i9,32,Windows 11 Home,1.0,1699.0
1690,MSI,Vector GP66 12UGS-267,15.66,Intel Core i9,32,Windows 11 Home,5.0,1599.0
1691,MSI,Stealth GS66 12UGS-025,15.6,Intel Core i9,32,Windows 11 Home,1.0,1699.0
1693,MSI,Modern 14 B11MOU-1024,14.0,Core i5,8,Win 11 Multi-Home,5.0,589.99
1694,Dell,Precision,15.6,Core i7 Family,16,Windows 10 Pro,3.5,1239.81
1697,MSI,CREATORZ17046,17.0,Core i9,32,Windows 11 Pro,4.6,5499.0
1702,MSI,Vector GP66 12UGS-267,15.66,Intel Core i9,32,Windows 11 Home,5.0,1599.0
1703,MSI,Stealth GS66 12UGS-025,15.6,Intel Core i9,32,Windows 11 Home,1.0,1699.0
1705,Dell,E7440,14.0,Core i7,8,Windows 7,3.9,188.0
1706,Dell,Inspiron,17.0,Core i7,16,Windows 11,3.1,1299.0
1707,Lenovo,Lenovo Thinkpad,14.0,Core i5,16,Windows 10 Pro,2.9,1279.99
1708,Lenovo,Lenovo Thinkpad,14.0,Core i5,8,Windows 10,3.9,138.0
1713,Lenovo,ThinkPad W540,15.6,Core i7,8,Windows 7 Professional,3.4,599.95
1714,Lenovo,Lenovo Ideapad,15.6,Celeron,6,Windows 10 Home,4.1,528.18
1715,Dell,Dell Latitude 9420,14.0,Core i7,16,Windows 10 Pro,5.0,779.62
1721,MSI,Vector GP66 12UGS-267,15.66,Intel Core i9,32,Windows 11 Home,5.0,1599.0
1722,MSI,Stealth GS66 12UGS-025,15.6,Intel Core i9,32,Windows 11 Home,1.0,1699.0
1726,acer,CB514-1WT-33MW,14.0,Core I3 1115G4,8,Chrome OS,5.0,719.0
1731,Lenovo,ThinkPad X1 Carbon Gen 9,14.0,Core i5 Family,16,Windows 11 Pro,5.0,1869.0
1734,HP,HPI-1Y5Y4UT#ABA,15.6,Core i7,32,Windows 10 Pro,5.0,2799.0
1735,Dell,XPS 15 7590,15.6,Core i7 Family,4,Windows 10,3.4,1999.0
1737,HP,369K6UT#ABA,13.3,Core i5,16,Windows 10 Pro,1.0,1482.13
1741,MSI,Vector GP66 12UGS-267,15.66,Intel Core i9,32,Windows 11 Home,5.0,1599.0
1742,MSI,Stealth GS66 12UGS-025,15.6,Intel Core i9,32,Windows 11 Home,1.0,1699.0
1744,MSI,Summit E14Flip A12MT-016,14.0,Core i7,16,Windows 10,3.8,1334.95
1746,MSI,Vector GP66 12UGS-267,15.66,Intel Core i9,32,Windows 11 Home,5.0,1599.0
1747,MSI,Stealth GS66 12UGS-025,15.6,Intel Core i9,32,Windows 11 Home,1.0,1699.0
1750,Dell,Latitude 7330 Laptop,13.3,Core i7,16,Windows 11 Pro,5.0,994.79
1763,Lenovo,81F5018EUS,15.6,Core i3,4,Windows 10,4.4,247.49
1770,MSI,Vector GP66 12UGS-267,15.66,Intel Core i9,32,Windows 11 Home,5.0,1599.0
1771,MSI,Stealth GS66 12UGS-025,15.6,Intel Core i9,32,Windows 11 Home,1.0,1699.0
1773,Dell,XPS 15 7590,15.6,Core i7 Family,4,Windows 10,4.1,1999.0
1776,Dell,G15 5525 Laptop,15.6,AMD Ryzen 7,16,Windows 11 Home,1.0,1159.0
1777,Dell,Latitude 5500,15.6,Core i7,16,Windows 10 Pro,5.0,1597.77
1788,MSI,Vector GP66 12UGS-267,15.66,Intel Core i9,32,Windows 11 Home,5.0,1599.0
1789,MSI,Stealth GS66 12UGS-025,15.6,Intel Core i9,32,Windows 11 Home,1.0,1699.0
1791,HP,Intel Core i7,15.6,Core i7,8,Windows 11,4.3,902.98
1796,Dell,Alienware X17 R2 Laptop,17.3,Core i9,64,Windows 11 Home,2.0,3274.46
1797,Dell,XPS,15.6,Corei7-10750H,64,Windows 11,2.8,1599.0
1799,Lenovo,ThinkPad L15 Gen 3,15.6,Core i5,8,Windows 11,5.0,1090.57
1801,Dell,Latitude 7320 Detachable 2-in-1,13.0,Core i7,16,Windows 11 Home,5.0,1031.79
1803,Lenovo,1300-000-180,15.6,1.2GHz Cortex A8 Processor,16,Windows 10 Pro,3.3,719.99
1807,MSI,Vector GP66 12UGS-267,15.66,Intel Core i9,32,Windows 11 Home,5.0,1599.0
1808,MSI,Stealth GS66 12UGS-025,15.6,Intel Core i9,32,Windows 11 Home,1.0,1699.0
1810,Dell,Dell Latitude,14.0,Core i5,8,Windows 7,4.0,529.95
1811,Dell,XV1P3,14.0,Intel Core i7,16,Windows 10 Pro,4.0,1472.99
1815,MSI,Vector GP66 12UGS-267,15.66,Intel Core i9,32,Windows 11 Home,5.0,1599.0
1816,MSI,Stealth GS66 12UGS-025,15.6,Intel Core i9,32,Windows 11 Home,1.0,1699.0
1818,MSI,Katana GF66 11UE-031,15.6,Core i7,16,Windows 10,5.0,1289.89
1822,MSI,Pulse GL66 12UEK-070,15.6,Core i7,16,Windows 11 Home,3.4,1113.87
1825,lenovo,Lenovo Ideapad,15.6,AMD A Series,8,Windows 10,3.9,599.99
1836,MSI,Vector GP66 12UGS-267,15.66,Intel Core i9,32,Windows 11 Home,5.0,1599.0
1837,MSI,Stealth GS66 12UGS-025,15.6,Intel Core i9,32,Windows 11 Home,1.0,1699.0
1839,ASUS,VivoBook S15,15.6,Intel Core i5-1135G7,8,Windows 11,5.0,718.46
1842,Latitude,Latitude E6410,14.0,Core i3-520M,8,Windows 7 Professional,3.4,111.05
1844,SAMSUNG,Samsung Chromebook,11.6,Celeron,2,Chrome OS,4.2,149.95
1849,Dell,Dell 5000,16.0,Ryzen 5,16,Windows 10 Pro,3.0,708.99
1850,MSI,Prestige 15 A10SC-010,15.6,Intel Core i7,32,Windows 10 Pro,3.8,2399.0
1854,Dell,Latitude,14.0,Intel Core i5 1145G7,32,Windows 11 Pro,5.0,1590.99
1858,MSI,Vector GP66 12UGS-267,15.66,Intel Core i9,32,Windows 11 Home,5.0,1599.0
1859,MSI,Stealth GS66 12UGS-025,15.6,Intel Core i9,32,Windows 11 Home,1.0,1699.0
1867,ASUS,ASUS VivoBook,14.0,Celeron,4,Windows 10 Home,3.5,325.0
1870,Dell,Vostro 15 5000 5510,15.6,Intel Core i7,16,Windows 10 Pro,4.4,1499.0
1874,MSI,Vector GP66 12UGS-267,15.66,Intel Core i9,32,Windows 11 Home,5.0,1599.0
1875,MSI,Stealth GS66 12UGS-025,15.6,Intel Core i9,32,Windows 11 Home,1.0,1699.0
1876,MSI,Vector GP66 12UGS-267,15.66,Intel Core i9,32,Windows 11 Home,5.0,1599.0
1877,MSI,Stealth GS66 12UGS-025,15.6,Intel Core i9,32,Windows 11 Home,1.0,1699.0
1879,Dell,Precision 5560 Laptop,15.6,Core i7,64,Windows 10 Pro,2.6,1729.95
1880,LG,17Z90Q-K.AAS6U1,17.0,Core i5,16,Windows 11 Home,4.0,1396.99
1882,HP,16-f0013dx,15.6,Core i7,16,Windows 10 Home,3.9,2399.0
1889,Lenovo,Lenovo Ideapad,15.6,Core i5,8,Windows 10,3.0,599.0
1890,ASUS,Asus ZenBook 13,13.3,Intel Core i7,8,Windows 10 Pro,4.4,1399.0
1893,Dell,Latitude 7420,14.0,Core i5,16,Windows 10 Pro,5.0,1748.04
1894,MSI,Vector GP66 12UGS-267,15.66,Intel Core i9,32,Windows 11 Home,5.0,1599.0
1895,MSI,Stealth GS66 12UGS-025,15.6,Intel Core i9,32,Windows 11 Home,1.0,1699.0
1897,Dell,Latitude 7420,14.0,Core i5,16,Windows 10 Pro,5.0,1748.04
1899,Dell,M15,15.6,Ryzen 9,64,Windows 11,4.2,2699.0
1901,Panasonic,CF-31,13.1,Core i5,4,Windows 8,5.0,399.99
1906,SAMSUNG,Samsung Chromebook 11.6,11.6,Intel Atom,4,Chrome OS,4.3,298.0
1908,Dell,G7500-7194BLK-PUS,15.6,Corei7-10750H,16,Windows 10 Home,4.4,2499.0
1914,MSI,Vector GP66 12UGS-267,15.66,Intel Core i9,32,Windows 11 Home,5.0,1599.0
1915,MSI,Stealth GS66 12UGS-025,15.6,Intel Core i9,32,Windows 11 Home,1.0,1699.0
1917,ASUS,ASUS VivoBook 15,15.6,Intel Core i7,8,Windows 11,4.6,772.2
1918,HP,HP Pavilion,15.6,Core i5,8,Windows 11,5.0,849.99
1922,Apple,MacBook,12.0,Intel Core i3,8,Mac OS,4.0,779.95
1927,Lenovo,Lenovo ThinkPad,14.0,Core i5 Family,8,Windows 10 Pro,4.6,419.0
1932,MSI,Vector GP66 12UGS-267,15.66,Intel Core i9,32,Windows 11 Home,5.0,1599.0
1933,MSI,Stealth GS66 12UGS-025,15.6,Intel Core i9,32,Windows 11 Home,1.0,1699.0
1935,acer,Aspire,15.6,AMD R Series,8,Windows 10,4.4,449.0
1937,Alienware,m15 R3,15.6,Core i7,16,Windows 10,3.8,1329.95
1942,Lenovo,ThinkPad T470,14.0,Core i5 Family,8,Windows 10 Pro,5.0,295.97
1944,Dell,Precision 3470 Laptop,14.0,Core i7,32,Windows 11 Pro,5.0,1507.16
1945,Dell,Dell XPS 17 9710,17.0,Core i7,64,Windows 11 Pro,5.0,2470.99
1949,MSI,Vector GP66 12UGS-267,15.66,Intel Core i9,32,Windows 11 Home,5.0,1599.0
1950,MSI,Stealth GS66 12UGS-025,15.6,Intel Core i9,32,Windows 11 Home,1.0,1699.0
1956,Dell,Dell Latitude,14.0,8032,16,Windows 10 Pro,5.0,1599.0
1957,HP,Spectre x360 15t 9th OLED Pro McAfee,15.6,Core i7,16,Windows 10 Pro,4.1,2199.0
1963,MSI,Vector GP66 12UGS-267,15.66,Intel Core i9,32,Windows 11 Home,5.0,1599.0
1964,MSI,Stealth GS66 12UGS-025,15.6,Intel Core i9,32,Windows 11 Home,1.0,1699.0
1966,MSI,Vector GP66 12UGS-267,15.66,Intel Core i9,32,Windows 11 Home,5.0,1599.0
1967,MSI,Stealth GS66 12UGS-025,15.6,Intel Core i9,32,Windows 11 Home,1.0,1699.0
1970,acer,Acer Chromebook,14.0,Celeron,32,Chrome OS,3.8,359.92
1971,MSI,WF76 11UI-400,17.3,Core i7 Family,16,Windows 10 Pro,5.0,1799.0
1973,Dell,Precision 7750,17.3,Core i7,32,Windows 10 Pro,3.6,1778.99
1979,MSI,Vector GP66 12UGS-267,15.66,Intel Core i9,32,Windows 11 Home,5.0,1599.0
1980,MSI,Stealth GS66 12UGS-025,15.6,Intel Core i9,32,Windows 11 Home,1.0,1699.0
1983,ASUS,VivoBook S15,15.6,Intel Core i5-1135G7,8,Windows 11,3.0,723.16
1985,MSI,Vector GP66 12UGS-267,15.66,Intel Core i9,32,Windows 11 Home,5.0,1599.0
1986,MSI,Stealth GS66 12UGS-025,15.6,Intel Core i9,32,Windows 11 Home,1.0,1699.0
1989,Dell,Latitude,15.6,Core i5 Family,64,Windows 11 Pro,4.0,1085.99
1990,Latitude,Latitude,13.3,Core i5-2520M,8,Windows 7 Professional,3.5,289.95
1991,Dell,Latitude,14.0,Core i7 Family,32,Windows 11 Pro,2.3,1295.03
1992,ASUS,ASUS Laptop L410,14.0,Pentium,4,Windows 10 S,4.1,319.99
1993,Dell,i5400-5760GRY-PUS,14.0,Core i7,12,Windows 10 Home,4.3,899.0
1997,Dell,XPS,15.6,Core i9,4,Windows 11,2.0,3271.99
1998,Dell,3540,15.6,Core i5 Family,8,Windows 10 Pro,4.5,1099.81
2005,MSI,Vector GP66 12UGS-267,15.66,Intel Core i9,32,Windows 11 Home,5.0,1599.0
2006,MSI,Stealth GS66 12UGS-025,15.6,Intel Core i9,32,Windows 11 Home,1.0,1699.0
2009,Dell,Vostro 7620 Laptop,16.0,Core i7,16,Windows 11 Pro,1.0,1166.97
2010,Dell,G15,15.6,AMD R Series,32,Windows 10 Home,4.1,1429.99
2011,Lenovo,Lenovo 15.6,15.6,AMD A Series,8,Windows 10,4.1,499.0
2012,Lenovo,ThinkPad L480,14.0,Core i5 8250U,8,Windows 10 Pro,4.0,699.99
2013,Dell,XPS9300-7909SLV-PUS,13.4,Core i7-1065G7,16,Windows 10 Pro,4.1,1899.0
2017,acer,Chromebook Enterprise Spin 514 CP514-3WH,14.0,Ryzen 7,16,Chrome OS,5.0,999.99
2019,HP,Pavilion,15.6,Pentium,8,Windows 11,4.4,439.0
2020,Lenovo,Lenovo Ideapad,11.6,AMD A Series,4,Chrome OS,4.2,244.97
2022,Lenovo,Lenovo Yoga 720,13.3,Core i5,8,Windows 10 Home,3.8,536.89
2026,MSI,Vector GP66 12UGS-267,15.66,Intel Core i9,32,Windows 11 Home,5.0,1599.0
2027,MSI,Stealth GS66 12UGS-025,15.6,Intel Core i9,32,Windows 11 Home,1.0,1699.0
2031,acer,Acer Chromebook,11.6,Celeron N4000,4,Chrome OS,5.0,246.39
2032,ASUS,ZenBook Flip 13,13.3,Intel Core i7,16,Windows 10 Pro,4.0,769.99
2038,Dell,Latitude 5420,14.0,Core i5,16,Windows 10 Pro,1.0,610.68
2039,acer,PH315-53-71QX,15.6,Intel Core i7,16,Windows 10 Home,4.4,2299.0
2040,Dell,Inspiron,14.0,Core i7 Family,64,Windows 11 Home,4.0,947.06
2041,Lenovo,AMD Athlon,14.0,AMD R Series,4,Windows 11 Home,4.6,248.0
2048,MSI,Vector GP66 12UGS-267,15.66,Intel Core i9,32,Windows 11 Home,5.0,1599.0
2049,MSI,Stealth GS66 12UGS-025,15.6,Intel Core i9,32,Windows 11 Home,1.0,1699.0
2052,Alienware,AWm15-7806SLV-PUS,15.6,Core i7 Family,16,Windows 10 Home,4.3,1699.95
2064,MSI,Vector GP66 12UGS-267,15.66,Intel Core i9,32,Windows 11 Home,5.0,1599.0
2065,MSI,Stealth GS66 12UGS-025,15.6,Intel Core i9,32,Windows 11 Home,1.0,1699.0
2067,Lenovo,IdeaPad 330,15.6,Celeron N,4,Windows 10,3.7,248.88
2068,Dell,Precision 7550,15.6,Corei7-10750H,16,Windows 10 Pro,3.1,1699.95
2069,Dell,G3 Gaming,15.6,Core i5,8,Windows 10,3.8,989.0
2070,Toughbook,cf-31 hzardour locations,13.0,Core i5-655K,16,Windows 10 Home,5.0,595.97
2082,MSI,Vector GP66 12UGS-267,15.66,Intel Core i9,32,Windows 11 Home,5.0,1599.0
2083,MSI,Stealth GS66 12UGS-025,15.6,Intel Core i9,32,Windows 11 Home,1.0,1699.0
2086,Dell,G15 5525 Laptop,15.6,AMD Ryzen 7,16,Windows 11 Pro,5.0,1488.13
2087,Dell,7400,14.0,Core i7 Family,16,Windows 10 Pro,3.4,1549.0
2089,Dell,Latitude 7320 Detachable 2-in-1,13.0,Core i5,8,Windows 11 Pro,4.6,750.74
2093,HP,HP Envy,15.6,AMD Ryzen 7,16,Windows 11 Home,4.1,999.99
2096,Dell,Inspiron,15.6,Core i3,4,Windows 8.1,4.1,259.0
2097,MSI,Vector GP66 12UGS-267,15.66,Intel Core i9,32,Windows 11 Home,5.0,1599.0
2098,MSI,Stealth GS66 12UGS-025,15.6,Intel Core i9,32,Windows 11 Home,1.0,1699.0
2105,MSI,Vector GP66 12UGS-267,15.66,Intel Core i9,32,Windows 11 Home,5.0,1599.0
2106,MSI,Stealth GS66 12UGS-025,15.6,Intel Core i9,32,Windows 11 Home,1.0,1699.0
2109,lenovo,Lenovo Thinkpad,12.5,Core i7 4600U,8,Windows 8,3.1,469.99
2110,ASUS,VivoBook S15 S532,15.6,Intel Core i5,8,Windows 10 Home,4.4,1199.0
2112,Apple,MacBook Pro 13-inch,13.3,Core i5,8,Mac OS,4.5,689.95
2117,ASUS,ROG Strix Scar III G531GV,15.6,Intel Core i7,16,Windows 10 Home,4.4,2799.0
2118,HP,Laptop,17.0,Core i5,8,Windows 11,4.9,589.0
2121,MSI,Modern 14 B11MOU-1212,14.0,Core i3,8,Windows 11 Home,5.0,535.88
2125,MSI,Vector GP66 12UGS-267,15.66,Intel Core i9,32,Windows 11 Home,5.0,1599.0
2126,MSI,Stealth GS66 12UGS-025,15.6,Intel Core i9,32,Windows 11 Home,1.0,1699.0
2140,MSI,Vector GP66 12UGS-267,15.66,Intel Core i9,32,Windows 11 Home,5.0,1599.0
2141,MSI,Stealth GS66 12UGS-025,15.6,Intel Core i9,32,Windows 11 Home,1.0,1699.0
2146,Lenovo,Chromebook,11.6,Celeron,4,Chrome OS,5.0,407.88
2148,ASUS,UX363JA-XB71T,13.3,Intel Core i5,1,Windows 10 Pro,3.5,1499.0
2152,Dell,Dell Inspiron,15.6,Core i5,8,Windows 10 Home,3.3,660.0
2153,Apple,MacBook Pro,14.0,Apple M1,32,Mac OS,4.5,2611.35
2154,Dell,XPS 13 9380,13.3,Core i5 Family,8,Windows 10 Home,3.7,1179.81
2155,Dell,XPS 9520 Laptop,15.6,Core i7,64,Windows 11 Pro,5.0,1788.99
2157,acer,Acer Swift X Laptop,14.0,AMD R Series,16,Windows 10,4.5,999.0
2158,Dell,Dell Latitude 5520 Laptop,15.0,Core i7,16,Windows 10 Pro,5.0,1715.99
2159,ASUS,ROG Strix SCAR II,17.3,Core i7,16,Windows 10 Home,4.2,2299.0
2163,MSI,Vector GP66 12UGS-267,15.66,Intel Core i9,32,Windows 11 Home,5.0,1599.0
2164,MSI,Stealth GS66 12UGS-025,15.6,Intel Core i9,32,Windows 11 Home,1.0,1699.0
2167,Dell,Latitude E6410,14.1,Core i5,4,Windows 7,4.1,149.95
2169,ASUS,GM501GM-WS74,15.6,8032,16,Windows 10 Pro,3.7,1999.0
2177,Dell,63P78,14.0,Intel Core i7,16,Windows 10 Pro,3.6,1899.0
2179,Lenovo,Yoga 910,14.0,Core i7 7500U,8,Windows 10,3.6,1299.0
2180,MSI,GE66 Raider 10SGS-288,15.6,Core i7,32,Windows 10 Home,4.4,3299.0
2181,HP,HP Pavilion x360,14.0,Core i5,8,Windows 10,4.4,586.14
2185,MSI,Vector GP66 12UGS-267,15.66,Intel Core i9,32,Windows 11 Home,5.0,1599.0
2186,MSI,Stealth GS66 12UGS-025,15.6,Intel Core i9,32,Windows 11 Home,1.0,1699.0
2191,Dell,Precision 7770 Laptop,17.3,Core i7,32,Windows 11 Pro,5.0,1689.18
2196,Dell,Precision 7760 Laptop,17.3,Core i7,32,Windows 11 Pro,5.0,2992.63
2197,Alienware,Dell Alienware Area 51M,17.3,Unknown,32,Windows 10,4.0,3495.0
2199,Gigabyte,AERO 17 XE5-73US738HP,17.3,Intel Core i7,16,Windows 11 Pro,3.5,2999.0
2200,Dell,Latitude 7420,14.0,Core i5,8,Windows 10 Pro,2.6,889.99
2201,Dell,Dell XPS 15 7590 Laptop,15.6,Core i7,32,Windows 10 Pro,3.7,1399.95
2205,MSI,Vector GP66 12UGS-267,15.66,Intel Core i9,32,Windows 11 Home,5.0,1599.0
2206,MSI,Stealth GS66 12UGS-025,15.6,Intel Core i9,32,Windows 11 Home,1.0,1699.0
2210,Lenovo,Lenovo Thinkpad,14.0,Core i5,8,Windows 10 Pro,1.0,499.0
2218,Lenovo,T420,14.0,Core i5,4,Windows 7,3.9,119.0
2219,Dell,Dell Latitude 5520,15.6,Intel Core i5,32,Windows 11 Home,4.2,1037.99
2223,MSI,Vector GP66 12UGS-267,15.66,Intel Core i9,32,Windows 11 Home,5.0,1599.0
2224,MSI,Stealth GS66 12UGS-025,15.6,Intel Core i9,32,Windows 11 Home,1.0,1699.0
2227,Gigabyte,AORUS 15G XC-8US2430SH,15.0,Intel Mobile CPU,32,Windows 10 Home,4.1,1199.99
2231,ASUS,ROG Strix G15,15.6,Corei7-10750H,16,Windows 10 Home,4.4,1229.99
2241,MSI,Vector GP66 12UGS-267,15.66,Intel Core i9,32,Windows 11 Home,5.0,1599.0
2242,MSI,Stealth GS66 12UGS-025,15.6,Intel Core i9,32,Windows 11 Home,1.0,1699.0
2246,Latitude,E7440,14.0,Core i5,8,Windows 10,2.7,133.55
2249,Dell,Latitude 3340,13.3,Core i3,4,Windows 7 Professional,3.3,198.98
2250,Lenovo,Lenovo ThinkBook Plus,13.3,Core i7,16,Windows 10 Pro,1.0,999.99
2255,Dell,Latitude 5420,14.0,Core i5 Family,64,Windows 11 Pro,4.5,988.99
2257,Dell,Dell Latitude,12.0,Core i7 6600U,8,Windows 10 Pro,4.0,899.99
2265,MSI,Vector GP66 12UGS-267,15.66,Intel Core i9,32,Windows 11 Home,5.0,1599.0
2266,MSI,Stealth GS66 12UGS-025,15.6,Intel Core i9,32,Windows 11 Home,1.0,1699.0
2269,Alienware,R1,15.6,Core i7 Family,16,Windows 10,3.9,2699.0
2270,MSI,GS66 Stealth 10UE-498,15.6,Core i7 Family,32,Windows 10 Home,3.7,2599.0
2275,Lenovo,X230,12.5,Core i5,4,Windows 7 Professional,3.6,899.99
2278,Dell,Dell XPS 13 9300,11.6,Unknown,8,Windows 10,3.0,1012.84
2285,MSI,Vector GP66 12UGS-267,15.66,Intel Core i9,32,Windows 11 Home,5.0,1599.0
2286,MSI,Stealth GS66 12UGS-025,15.6,Intel Core i9,32,Windows 11 Home,1.0,1699.0
2290,hp,HP Omen,15.6,Corei7-10750H,16,Windows 10,4.5,1999.0
2292,Dell,Alienware X17 R2 Laptop,17.3,Core i9,32,Windows 11 Home,5.0,2931.99
2296,MSI,Vector GP66 12UGS-267,15.66,Intel Core i9,32,Windows 11 Home,5.0,1599.0
2297,MSI,Stealth GS66 12UGS-025,15.6,Intel Core i9,32,Windows 11 Home,1.0,1699.0
2300,Lenovo,Lenovo Thinkpad,14.0,Core i7,24,Windows 10 Pro,3.7,1599.0
2301,LG,14T90P-K.AAB9U1,14.0,Core i7 Family,16,Windows 11 Home,4.1,1635.99
2307,Dell,Dell Inspiron,17.3,Core i7,16,Windows 10 Home,4.5,1699.0
2315,MSI,Vector GP66 12UGS-267,15.66,Intel Core i9,32,Windows 11 Home,5.0,1599.0
2316,MSI,Stealth GS66 12UGS-025,15.6,Intel Core i9,32,Windows 11 Home,1.0,1699.0
2322,SAMSUNG,Galaxy Book Odyssey,15.6,Intel Core i7,16,Windows 11 Home,4.7,2388.42
2323,Alienware,AWm15-7830SLV-PUS,15.6,Core i7 8750H,16,Windows 10 Home,4.1,1799.95
2326,Lenovo,ThinkPad,14.0,Core i5-5200U,8,Windows 10,3.3,374.99
2332,Dell,Latitude,14.0,Core i5,16,Windows 11 Pro,5.0,841.99
2337,MSI,Vector GP66 12UGS-267,15.66,Intel Core i9,32,Windows 11 Home,5.0,1599.0
2338,MSI,Stealth GS66 12UGS-025,15.6,Intel Core i9,32,Windows 11 Home,1.0,1699.0
2341,Dell,Latitude 7430 Laptop,14.0,Core i7,16,Windows 11 Pro,4.0,941.99
2344,Dell,XPS 15 7590,15.6,Intel Core Duo,32,Windows 10 Pro,3.0,1599.95
2350,Dell,Precision,15.6,Core i7 Family,16,Windows 10,1.0,1399.95
2352,Dell,Inspiron 5425 Laptop,14.0,AMD Ryzen 7,16,Windows 11 Home,5.0,800.19
2355,Razer,Blade 15,15.6,Corei7-10750H,16,Windows 10 Home,4.2,3099.0
2360,MSI,Vector GP66 12UGS-267,15.66,Intel Core i9,32,Windows 11 Home,5.0,1599.0
2361,MSI,Stealth GS66 12UGS-025,15.6,Intel Core i9,32,Windows 11 Home,1.0,1699.0
2366,Dell,Dell-7855-G7-512SSD,15.6,Core i7,16,Windows 10 Home,5.0,1799.0
2367,Lenovo,Lenovo 17.3 L,17.3,Ryzen 3 1300X,8,Windows 10,4.7,686.9
2368,ASUS,ASUS Rog Zephyrus,15.6,Corei7-10875H,16,Windows 10 Pro,3.5,1999.99
2377,ASUS,ZenBook 14,14.0,Intel Core i5,8,Windows 10 Home,4.3,1099.0
2382,MSI,Vector GP66 12UGS-267,15.66,Intel Core i9,32,Windows 11 Home,5.0,1599.0
2383,MSI,Stealth GS66 12UGS-025,15.6,Intel Core i9,32,Windows 11 Home,1.0,1699.0
2386,Lenovo,Lenovo Ideapad,15.6,AMD Ryzen 7,8,Windows 10,3.9,599.0
2388,Lenovo,ThinkPad T14 G1,14.0,Core i7,16,Windows 10 Pro,3.5,695.77
2393,Dell,AWm17-7296WHT-PUS,17.3,Corei7-10750H,16,Windows 10 Home,4.4,2395.0
2394,acer,CB315-1HT,15.6,Celeron N3350,4,Chrome OS,3.9,258.9
2395,Dell,Dell Latitude 5520,15.6,Core i5,32,Windows 10 Pro,4.0,1038.28
2396,ASUS,ROG Strix Scar 15,15.6,Ryzen 9,32,Windows 10 Pro,4.1,2099.99
2401,MSI,Vector GP66 12UGS-267,15.66,Intel Core i9,32,Windows 11 Home,5.0,1599.0
2402,MSI,Stealth GS66 12UGS-025,15.6,Intel Core i9,32,Windows 11 Home,1.0,1699.0
2406,Dell,Inspiron 3515,15.6,AMD R Series,8,Windows 10 Home,5.0,1012.99
2420,Dell,Dell XPS,13.3,8032,16,Windows 10 Pro,5.0,1275.81
2424,MSI,Vector GP66 12UGS-267,15.66,Intel Core i9,32,Windows 11 Home,5.0,1599.0
2425,MSI,Stealth GS66 12UGS-025,15.6,Intel Core i9,32,Windows 11 Home,1.0,1699.0
2428,HP,Elite Dragonfly,13.3,Intel Core i5,16,Windows 10 Pro,4.3,1341.77
2440,Dell,Dell Latitude,13.3,8032,8,Windows 10,3.2,963.72
2444,MSI,Vector GP66 12UGS-267,15.66,Intel Core i9,32,Windows 11 Home,5.0,1599.0
2445,MSI,Stealth GS66 12UGS-025,15.6,Intel Core i9,32,Windows 11 Home,1.0,1699.0
2458,HP,HP Pavilion,15.6,Core i5,6,Windows 10,3.3,399.0
2461,Dell,Latitude 5330,13.3,Core i7 Family,16,Windows 11 Pro,5.0,1699.0
2470,MSI,Vector GP66 12UGS-267,15.66,Intel Core i9,32,Windows 11 Home,5.0,1599.0
2471,MSI,Stealth GS66 12UGS-025,15.6,Intel Core i9,32,Windows 11 Home,1.0,1699.0
2476,Dell,Latitude,15.6,Core i5,8,Windows 10 Pro,5.0,1293.59
2478,HP,1FX81UT#ABA,11.6,8032,2,Unknown,4.2,228.0
2482,Dell,Dell XPS,15.6,Intel Core M-5Y10 Processor,32,Windows 10,5.0,1799.95
2483,HP,2K2Z1US#ABA,15.6,Intel Core i7,64,Windows 10 Pro,5.0,2499.0
2491,MSI,Vector GP66 12UGS-267,15.66,Intel Core i9,32,Windows 11 Home,5.0,1599.0
2492,MSI,Stealth GS66 12UGS-025,15.6,Intel Core i9,32,Windows 11 Home,1.0,1699.0
2497,Dell,Vostro 3510,15.6,Core i5,16,Windows 10 Pro,5.0,751.06
2498,ASUS,UX461UN-DS74T,14.0,Intel Core i7,16,Windows 10 Home,3.5,1799.0
2509,HP,HP ENVY Laptop 13-aq0005nr,13.3,Intel Core i7,8,Windows 10 Home,4.1,1399.0
2514,MSI,Vector GP66 12UGS-267,15.66,Intel Core i9,32,Windows 11 Home,5.0,1599.0
2515,MSI,Stealth GS66 12UGS-025,15.6,Intel Core i9,32,Windows 11 Home,1.0,1699.0
2521,Lenovo,20FN002JUS,14.0,Core i5,4,Windows 10 DG Windows 7 Pro 64,3.7,750.0
2525,Dell,XPS7390-7954SLV-PUS,13.4,Core i7-1065G7,32,Windows 10 Home,4.0,1799.0
2527,HP,16T-F100,16.0,Core i7 Family,16,Windows 11 Pro,5.0,1899.0
2533,MSI,Vector GP66 12UGS-267,15.66,Intel Core i9,32,Windows 11 Home,5.0,1599.0
2534,MSI,Stealth GS66 12UGS-025,15.6,Intel Core i9,32,Windows 11 Home,1.0,1699.0
2546,ASUS,GU502LV-BI7N8,15.6,Corei7-10750H,16,Windows 10,3.4,2299.0
2548,MSI,GS75 STEALTH-242,17.3,Core i7,32,Windows 10 Home,5.0,3399.0
2550,acer,Acer Swift,15.6,Ryzen 7 2700U,8,Windows 10 Home,4.0,1399.0
2555,MSI,Vector GP66 12UGS-267,15.66,Intel Core i9,32,Windows 11 Home,5.0,1599.0
2556,MSI,Stealth GS66 12UGS-025,15.6,Intel Core i9,32,Windows 11 Home,1.0,1699.0
2558,Dell,Dell Inspiron,15.6,Celeron N4020,8,Windows 10,4.2,877.99
2559,Dell,G15,15.6,AMD Ryzen 7,32,Windows 10 Home,3.7,1429.99
2561,Dell,V3500,15.6,Core i7 Family,16,Windows 10,4.0,943.69
2563,Lenovo,Lenovo Ideapad,14.0,Pentium,4,Windows 10,3.3,377.91
2567,ASUS,UX533FD-DH74,15.6,Core i7,8,Windows 10 Home,4.0,1999.0
2571,Dell,Inspiron,15.6,Core i5 Family,16,Windows 11 Home,3.5,649.99
2576,SHOXLAB,M17R3,17.3,Corei7-10750H,32,Windows 10,4.7,2299.95
2583,MSI,Vector GP66 12UGS-267,15.66,Intel Core i9,32,Windows 11 Home,5.0,1599.0
2584,MSI,Stealth GS66 12UGS-025,15.6,Intel Core i9,32,Windows 11 Home,1.0,1699.0
2587,ASUS,ROG Zephyrus S GX701,17.3,Core i7,16,Windows 10 Pro,4.0,3399.0
2588,Dell,5401,14.0,Core i5 Family,8,Windows 10 Pro,5.0,1499.0
2589,Dell,7404-i5-8-256-1.9-W10P,14.0,Intel Core i5-4200U,8,Windows 10 Pro,3.7,899.95
2597,GizPro,HP EliteBook,14.0,Core i7,32,Windows 10 Pro,2.5,2699.0
2602,MSI,Vector GP66 12UGS-267,15.66,Intel Core i9,32,Windows 11 Home,5.0,1599.0
2603,MSI,Stealth GS66 12UGS-025,15.6,Intel Core i9,32,Windows 11 Home,1.0,1699.0
2606,ASUS,ASUS VivoBook,15.6,Core i5 Family,8,Windows 10,5.0,1199.0
2608,Dell,3593,15.6,Core i3 Family,16,Windows 11 Home,4.5,508.99
2609,HP,Spectre,16.0,Core i7 Family,16,Windows 11 Home,1.0,1351.42
2610,HP,3V2U0UT#ABA,14.0,Intel Celeron D,4,Chrome OS,4.0,473.22
2615,Dell,Dell Inspiron,15.6,Celeron N,16,Windows 10 Home,3.6,919.99
2617,MAINGEAR,Vector pro,17.3,Core i7,32,Windows 10,3.7,2000.07
2621,MSI,Vector GP66 12UGS-267,15.66,Intel Core i9,32,Windows 11 Home,5.0,1599.0
2622,MSI,Stealth GS66 12UGS-025,15.6,Intel Core i9,32,Windows 11 Home,1.0,1699.0
2628,Dell,Precision 5550 Laptop,15.6,Core i7,16,Windows 10 Pro,5.0,2500.0
2629,Dell,Dell Latitude,15.6,Core i5,8,Windows 10 Pro,1.0,959.99
2631,Dell,Dell Inspiron,16.0,Core I7 11800H,32,Windows 10 Home,3.7,1599.0
2633,Dell,Dell XPS 13 9380,13.3,Intel Core i7,8,Windows 10 Home,3.9,1087.37
2637,MSI,Vector GP66 12UGS-267,15.66,Intel Core i9,32,Windows 11 Home,5.0,1599.0
2638,MSI,Stealth GS66 12UGS-025,15.6,Intel Core i9,32,Windows 11 Home,1.0,1699.0
2640,Dell,Latitude 7320 Detachable 2-in-1,13.0,Core i7,16,Windows 10 Pro,5.0,1568.39
2648,MSI,Vector GP66 12UGS-267,15.66,Intel Core i9,32,Windows 11 Home,5.0,1599.0
2649,MSI,Stealth GS66 12UGS-025,15.6,Intel Core i9,32,Windows 11 Home,1.0,1699.0
2652,acer,PT515-51-75L8,15.6,Core i7,16,Windows 10 Home,3.9,3399.0
2653,Dell,Inspiron 3515,15.6,Ryzen 5,12,Windows 11 Pro,4.5,981.99
2657,Lenovo,ThinkPad E590,15.6,Core i7 8550U,16,Windows 10,4.5,749.95
2670,MSI,Vector GP66 12UGS-267,15.66,Intel Core i9,32,Windows 11 Home,5.0,1599.0
2671,MSI,Stealth GS66 12UGS-025,15.6,Intel Core i9,32,Windows 11 Home,1.0,1699.0
2674,SHOXLAB,M15R5,15.6,Ryzen 9,32,Windows 11,4.0,1479.0
2676,Lenovo,Yoga,15.6,Core i5-10210U,8,Windows 10 Home,1.0,714.0
2677,ASUS,ROG Zephyrus S GX531,15.6,Core i7,16,Windows 10 Pro,3.8,3499.99
2681,acer,Acer 13.3inch Chromebook,13.3,MediaTek_MT8127,4,Chrome OS,4.5,209.99
2685,Dell,Dell Latitude,14.0,Core i7,16,Windows 10 Pro,1.0,1195.0
2691,MSI,Vector GP66 12UGS-267,15.66,Intel Core i9,32,Windows 11 Home,5.0,1599.0
2692,MSI,Stealth GS66 12UGS-025,15.6,Intel Core i9,32,Windows 11 Home,1.0,1699.0
2694,Lenovo,82R70000US,14.0,Core i7,16,Windows 11,3.0,869.99
2696,MSI,Vector GP66 12UGS-267,15.66,Intel Core i9,32,Windows 11 Home,5.0,1599.0
2697,MSI,Stealth GS66 12UGS-025,15.6,Intel Core i9,32,Windows 11 Home,1.0,1699.0
2700,Dell,Precision 5000,15.6,Core i5,8,Windows 10 Pro,5.0,1385.56
2701,Dell,XPS9365-7086SLV-PUS,13.3,Core i7,16,Windows 10 Home,3.1,1299.99
2703,Dell,Latitude,14.0,Core i5 Family,16,Windows 11 Pro,1.0,1222.99
2709,MSI,Vector GP66 12UGS-267,15.66,Intel Core i9,32,Windows 11 Home,5.0,1599.0
2710,MSI,Stealth GS66 12UGS-025,15.6,Intel Core i9,32,Windows 11 Home,1.0,1699.0
2718,Dell,Inspiron 15 5000,15.6,Core i5,8,Windows 10,3.8,899.81
2723,Lenovo,Lenovo Ideapad,15.6,Core i5,8,Windows 10,4.0,550.0
2728,MSI,Vector GP66 12UGS-267,15.66,Intel Core i9,32,Windows 11 Home,5.0,1599.0
2729,MSI,Stealth GS66 12UGS-025,15.6,Intel Core i9,32,Windows 11 Home,1.0,1699.0
2732,Dell,Precision,15.6,Core i7 Family,64,Windows 10 Pro,5.0,1799.81
2734,Dell,XPS 9320 Laptop,13.4,Core i7,16,Windows 11 Pro,5.0,1304.99
2738,Lenovo,Touch,14.0,Ryzen 5 3500U,8,Windows 10 Home,3.6,699.0
2742,MSI,Vector GP66 12UGS-267,15.66,Intel Core i9,32,Windows 11 Home,5.0,1599.0
2743,MSI,Stealth GS66 12UGS-025,15.6,Intel Core i9,32,Windows 11 Home,1.0,1699.0
2745,MSI,Vector GP66 12UGS-267,15.66,Intel Core i9,32,Windows 11 Home,5.0,1599.0
2746,MSI,Stealth GS66 12UGS-025,15.6,Intel Core i9,32,Windows 11 Home,1.0,1699.0
2749,Lenovo,Lenovo Thinkpad,15.6,Core i7,16,Windows 10 Pro,5.0,1799.99
2751,Gigabyte,G5 GD-51US123SH,15.6,Intel Mobile CPU,16,Windows 10 Home,3.6,698.25
2754,MSI,Vector GP66 12UGS-267,15.66,Intel Core i9,32,Windows 11 Home,5.0,1599.0
2755,MSI,Stealth GS66 12UGS-025,15.6,Intel Core i9,32,Windows 11 Home,1.0,1699.0
2757,ASUS,ASUS X551CA-HCL1201L,15.6,Celeron,4,Windows 8,4.3,380.09
2758,MSI,Vector GP66 12UGS-267,15.66,Intel Core i9,32,Windows 11 Home,5.0,1599.0
2759,MSI,Stealth GS66 12UGS-025,15.6,Intel Core i9,32,Windows 11 Home,1.0,1699.0
2772,Dell,XPS 9520 Laptop,15.6,Core i7,32,Windows 11 Home,5.0,1680.99
2779,MSI,Vector GP66 12UGS-267,15.66,Intel Core i9,32,Windows 11 Home,5.0,1599.0
2780,MSI,Stealth GS66 12UGS-025,15.6,Intel Core i9,32,Windows 11 Home,1.0,1699.0
2782,MSI,Vector GP66 12UGS-267,15.66,Intel Core i9,32,Windows 11 Home,5.0,1599.0
2783,MSI,Stealth GS66 12UGS-025,15.6,Intel Core i9,32,Windows 11 Home,1.0,1699.0
2795,Lenovo,ThinkPad,14.0,Core i5,8,Windows 10 Pro,4.8,1999.0
2799,Dell,Dell Latitude,14.1,Core i7,8,Windows 10 Pro,4.0,389.0
2803,MSI,Vector GP66 12UGS-267,15.66,Intel Core i9,32,Windows 11 Home,5.0,1599.0
2804,MSI,Stealth GS66 12UGS-025,15.6,Intel Core i9,32,Windows 11 Home,1.0,1699.0
2806,Dell,Dell Latitude 7000 E7470,14.0,Core i7,16,Windows 10 Pro,2.8,524.0
2807,Lenovo,Lenovo Thinkpad,15.6,Core i7-4700MQ,16,Windows 10 Pro,2.5,422.0
2808,Dell,Vostro,14.0,Core i5,64,Windows 11 Pro,3.0,1381.99
2809,hp,HP Spectre,13.3,Core i7-10510U,16,Windows 10 Home,4.7,2499.0
2810,HP,Elite Dragonfly,13.3,Intel Core i5,16,Windows 10 Pro,5.0,2299.0
2819,Tocosy,LAPTOP T12,11.6,Atom Z8350,4,Windows 10,5.0,229.0
2820,Lenovo,ThinkPad T440p,14.0,Core i5,8,Windows 7,3.4,399.0
2824,MSI,Vector GP66 12UGS-267,15.66,Intel Core i9,32,Windows 11 Home,5.0,1599.0
2825,MSI,Stealth GS66 12UGS-025,15.6,Intel Core i9,32,Windows 11 Home,1.0,1699.0
2827,MSI,Vector GP66 12UGS-267,15.66,Intel Core i9,32,Windows 11 Home,5.0,1599.0
2828,MSI,Stealth GS66 12UGS-025,15.6,Intel Core i9,32,Windows 11 Home,1.0,1699.0
2831,Dell,XPS 9520 Laptop,15.6,Core i7,16,Windows 11 Pro,3.3,1752.99
2835,MSI,WS66 10TMT-207,15.6,Core i9,64,Windows 10 Pro,4.7,7399.0
2837,HP,Pavilion,15.0,Core i7,32,Windows 11 Pro,5.0,1299.0
2839,MSI,Vector GP66 12UGS-267,15.66,Intel Core i9,32,Windows 11 Home,5.0,1599.0
2840,MSI,Stealth GS66 12UGS-025,15.6,Intel Core i9,32,Windows 11 Home,1.0,1699.0
2842,Dell,Dell Latitude,15.6,Core i5,8,Windows 10 Pro,5.0,210.0
2843,HP,ZBook Fury 15 G8,15.6,Core i9,64,Windows 10 Pro,1.0,4999.0
2845,Dell,XPS 13,13.3,Core i7,8,Windows 8,3.4,999.0
2846,Dell,XPS,13.3,Core i5,8,Windows 10,3.6,899.81
2855,HP,HP Pavilion 16,16.1,Core i7,32,Windows 10 Pro,3.0,2299.0
2859,MSI,Vector GP66 12UGS-267,15.66,Intel Core i9,32,Windows 11 Home,5.0,1599.0
2860,MSI,Stealth GS66 12UGS-025,15.6,Intel Core i9,32,Windows 11 Home,1.0,1699.0
2864,Dell,XPS 9315 Laptop,13.4,Core i7,16,Windows 11 Home,4.0,1041.99
2865,HP,HP Omen,15.6,Ryzen 7 4800H,16,Windows 10 Home,4.1,1999.0
2868,MSI,Vector GP66 12UGS-267,15.66,Intel Core i9,32,Windows 11 Home,5.0,1599.0
2869,MSI,Stealth GS66 12UGS-025,15.6,Intel Core i9,32,Windows 11 Home,1.0,1699.0
2872,Dell,XPS,15.6,Intel Core i9,64,Windows 10 Home,3.5,2860.99
2874,MSI,Vector GP66 12UGS-267,15.66,Intel Core i9,32,Windows 11 Home,5.0,1599.0
2875,MSI,Stealth GS66 12UGS-025,15.6,Intel Core i9,32,Windows 11 Home,1.0,1699.0
2879,Dell,Latitude,14.0,Core i5 Family,32,Windows 11 Pro,1.0,1328.99
2881,Gigabyte,A5 X1-CUS2130SB,15.6,AMD Ryzen 9 5900X,16,Windows 11 Home,4.0,1749.0
2888,HP,HP ProBook,15.6,Core i5,16,Windows 10 Pro,5.0,899.0
2892,Dell,Precision 7560 Laptop,15.6,Core i7,32,Windows 11 Pro,1.0,2061.99
2896,MSI,Vector GP66 12UGS-267,15.66,Intel Core i9,32,Windows 11 Home,5.0,1599.0
2897,MSI,Stealth GS66 12UGS-025,15.6,Intel Core i9,32,Windows 11 Home,1.0,1699.0
2902,Dell,Latitude 15 5000 e5570,15.6,Core i5,4,Windows 7 Professional,5.0,260.0
2903,Dell,G15 5525 Laptop,15.6,AMD Ryzen 7,16,Windows 11 Home,5.0,1386.99
2904,HP,Spectre 14T x360,13.5,Core i7 Family,16,Windows 11 Pro,4.1,2199.0
2907,MSI,Vector GP66 12UGS-267,15.66,Intel Core i9,32,Windows 11 Home,5.0,1599.0
2908,MSI,Stealth GS66 12UGS-025,15.6,Intel Core i9,32,Windows 11 Home,1.0,1699.0
2914,Dell,Inspiron,15.6,Celeron N4020,16,Windows 11 Pro,3.6,888.99
2918,MSI,PRESTIGE15A211,15.6,Core i7,32,Windows 10 Pro,4.0,2699.0
2921,MSI,Creator Z16 Fujiwara Hiroshi Limited Edition A11UE-226,16.0,Core i7,16,Win 10 Pro / Free upgrade to Win 11,5.0,1979.0
2925,MSI,Vector GP66 12UGS-267,15.66,Intel Core i9,32,Windows 11 Home,5.0,1599.0
2926,MSI,Stealth GS66 12UGS-025,15.6,Intel Core i9,32,Windows 11 Home,1.0,1699.0
2928,Dell,Dell XPS,15.6,Core i9,16,Windows 10 Pro,3.4,1999.0
2936,Dell,Latitude Rugged 5424 Laptop,14.0,Core i7,32,Windows 10 Pro,5.0,1599.99
2944,MSI,Vector GP66 12UGS-267,15.66,Intel Core i9,32,Windows 11 Home,5.0,1599.0
2945,MSI,Stealth GS66 12UGS-025,15.6,Intel Core i9,32,Windows 11 Home,1.0,1699.0
2949,Alienware,Alienware 15,15.6,Core i5,8,Windows 8,3.4,999.95
2951,Alienware,Alienware m15,15.6,Core i7 Family,16,Windows 10 Home,4.1,1199.95
2952,Dell,N763T,13.3,Intel Core i5,8,Windows 10 Pro,5.0,1499.0
2957,Lenovo,ThinkPad P1,15.6,Intel Core i7,16,Windows 10 Pro,1.0,1999.0
2959,MSI,Vector GP66 12UGS-267,15.66,Intel Core i9,32,Windows 11 Home,5.0,1599.0
2960,MSI,Stealth GS66 12UGS-025,15.6,Intel Core i9,32,Windows 11 Home,1.0,1699.0
2964,HP,Hp envy x360 13,13.3,Core i5,8,Windows 10,4.3,399.99
2965,SAMSUNG,"Samsung 11.6""",11.6,Intel Atom,2,Chrome OS,4.1,169.0
2968,Lenovo,Lenovo Thinkpad,15.6,8032,16,Windows 10 Pro,4.8,1798.95
2969,ASUS,GA502IV-XS76,15.6,Ryzen 7 4800H,16,Windows 10 Pro,4.4,2299.0
2974,Dell,Latitude 5420,14.0,Core i5 Family,16,Windows 10 Pro,5.0,1182.71
2975,Dell,XPS 13 7390,13.3,Core i7 Family,16,Windows 10 Home,4.0,1799.0
2977,ASUS,UX390UA-DH51-GR,12.5,Core i5,8,Windows 10,3.6,999.0
2982,MSI,Vector GP66 12UGS-267,15.66,Intel Core i9,32,Windows 11 Home,5.0,1599.0
2983,MSI,Stealth GS66 12UGS-025,15.6,Intel Core i9,32,Windows 11 Home,1.0,1699.0
2986,Lenovo,IdeaPad,15.6,Intel Core i3,8,Windows 10,4.2,499.99
2987,asus,ASUS VivoBook,15.6,AMD A Series,8,Windows 10 Home,3.7,1699.0
2989,ASUS,VivoBook S15,15.6,Core i7-8650U,12,Windows 10 Home,3.9,1499.0
3005,MSI,Vector GP66 12UGS-267,15.66,Intel Core i9,32,Windows 11 Home,5.0,1599.0
3006,MSI,Stealth GS66 12UGS-025,15.6,Intel Core i9,32,Windows 11 Home,1.0,1699.0
3008,Gigabyte,AORUS 15P YD-73US344SH,15.6,Intel Mobile CPU,32,Windows 10 Home,4.1,2399.0
3009,MSI,GP65 Leopard 10SDK-049,15.6,Intel Core i7,16,Windows 10 Home,4.4,1999.0
3010,Alienware,AWm17-7667SLV-PUS,17.3,Core i7 8750H,16,Windows 10 Home,4.2,2499.0
3012,DELL,G5 15 Gaming,15.6,Core i7,16,Windows 10,4.5,1699.0
3019,Dell,Vostro 3520 Laptop,15.6,Core i7,16,Windows 10 Pro,5.0,943.69
3024,acer,Nitro 5,15.6,Core i5,64,Windows 11 Pro,5.0,1086.16
3028,MSI,Vector GP66 12UGS-267,15.66,Intel Core i9,32,Windows 11 Home,5.0,1599.0
3029,MSI,Stealth GS66 12UGS-025,15.6,Intel Core i9,32,Windows 11 Home,1.0,1699.0
3033,Dell,Dell Latitude 5520,15.6,Intel Core i5 1145G7,32,Windows 10 Pro,5.0,1038.28
3041,MSI,GF75 Thin 10SER-257,17.3,Core i7,16,Windows 10 Home,4.2,1999.0
3042,Dell,XPS,17.0,Core i7 Family,64,Windows 11 Pro,5.0,3785.54
3045,MSI,Vector GP66 12UGS-267,15.66,Intel Core i9,32,Windows 11 Home,5.0,1599.0
3046,MSI,Stealth GS66 12UGS-025,15.6,Intel Core i9,32,Windows 11 Home,1.0,1699.0
3048,Dell,Latitude,15.6,Core i5,8,Windows 11 Pro,4.5,885.99
3050,Dell,Dell Inspiron 15 3525,15.6,AMD R Series,64,Windows 11,5.0,1021.99
3053,Microsoft,Surface Laptop Go 2,12.4,Intel Core i5,8,Windows 10,3.5,689.99
3060,XAMMUE,One Netbook T1,13.0,Core i7,16,Windows 11 Home,3.9,1219.99
3067,MSI,Vector GP66 12UGS-267,15.66,Intel Core i9,32,Windows 11 Home,5.0,1599.0
3068,MSI,Stealth GS66 12UGS-025,15.6,Intel Core i9,32,Windows 11 Home,1.0,1699.0
3070,Dell,Precision 7740 Laptop,17.3,Core i7,16,Windows 10 Pro,5.0,2004.99
3073,Dell,Precision 7740 Laptop,17.3,Core i7,32,Windows 10 Pro,4.5,2808.99
3074,Dell,Precision 7000,17.3,Core i7,32,Windows 10 Pro,5.0,3461.33
3082,JTD,Fire,15.6,Ryzen 9,32,Windows 10 Pro,4.3,2889.99
3083,Lenovo,E15,15.6,Core i5,8,Windows 10 Pro,1.0,290.98
3087,MSI,Vector GP66 12UGS-267,15.66,Intel Core i9,32,Windows 11 Home,5.0,1599.0
3088,MSI,Stealth GS66 12UGS-025,15.6,Intel Core i9,32,Windows 11 Home,1.0,1699.0
3091,HP,hp 15 pentium,15.6,Pentium N3540,4,Windows 10,4.0,449.99
3092,Razer,Blade 15,15.6,Core i7 Family,16,Windows 10,4.2,3299.99
3093,MSI,Vector GP66 12UGS-267,15.66,Intel Core i9,32,Windows 11 Home,5.0,1599.0
3094,MSI,Stealth GS66 12UGS-025,15.6,Intel Core i9,32,Windows 11 Home,1.0,1699.0
3096,HP,HP Spectre,13.3,Core i7,8,Windows 10 Home,4.2,1899.0
3097,SAMSUNG,Samsung Chromebook,11.6,Celeron,4,Chrome OS,4.1,289.0
3099,Lenovo,Lenovo Ideapad,14.0,Celeron,2,Windows 10,3.4,239.0
3100,Dell,Dell Inspiron i3000,11.6,AMD A Series,4,Windows 10 Home,3.4,299.0
3101,Alienware,Alienware m 17,17.0,Core i7 Family,16,Windows 10 Home,4.0,1699.95
3105,ASUS,GL703GS-DS74,17.3,Intel Core i7,16,Windows 10 Home,3.8,2299.0
3106,MSI,Vector GP66 12UGS-267,15.66,Intel Core i9,32,Windows 11 Home,5.0,1599.0
3107,MSI,Stealth GS66 12UGS-025,15.6,Intel Core i9,32,Windows 11 Home,1.0,1699.0
3111,HP,HP,15.6,Intel Core i7,16,Windows 10 Home,4.2,1999.0
3112,Alienware,Alienware M15,15.6,Core i7 8750H,16,Windows 10 Home,4.1,1599.95
3113,ASUS,VivoBook S15 S530,15.6,Intel Core i5,8,Windows 10 Home,4.0,1399.0
3117,Dell,Latitude,15.6,Core i5,16,Windows 10 Pro,4.0,1373.29
3118,MSI,GE76238,17.3,Core i7,32,Windows 10 Home,4.5,4299.0
3122,Dell,Dell XPS,17.0,Core I7 11800H,32,Windows 10,3.7,2897.0
3126,Lenovo,Lenovo Ideapad,11.6,Celeron,32,Windows 10,3.5,320.0
3128,MSI,Prestige 15 A10SC-011,15.6,Intel Core i7,16,Windows 10 Pro,4.2,2399.0
3129,Lenovo,Lenovo_i3_8GB_Red,15.6,Core i3 Family,8,Windows 10,4.1,458.8
3130,HP,HP,14.0,Core i3,4,Windows 10 Home,4.4,439.0
3134,MSI,Vector GP66 12UGS-267,15.66,Intel Core i9,32,Windows 11 Home,5.0,1599.0
3135,MSI,Stealth GS66 12UGS-025,15.6,Intel Core i9,32,Windows 11 Home,1.0,1699.0
3137,ASUS,GL703GM-DS74,17.3,Intel Core i7,16,Windows 10 Home,4.2,1999.0
3138,Lenovo,20GB000LUS,11.6,Celeron,8,Windows 10 Pro 64-Bit,3.5,224.99
3139,ASUS,ASUS ZenBook,13.9,8032,16,Windows 10 Pro,4.2,1699.0
3142,Lenovo,Legion,15.6,Core i7,32,Windows 10,4.9,2499.0
3143,ASUS,UX490UA-XH74-BL,14.0,8032,16,Windows 10 Pro,3.3,1599.0
3145,HP,Omen,15.6,Core i7,16,Windows 10 Home,4.4,1999.0
3149,HP,HP Spectre,15.6,Core i7,16,Windows 10 Pro,4.0,2399.0
3150,ASUS,ZenBook Pro 15,15.6,Core i7,16,Windows 10 Pro,4.1,2399.0
3152,Lenovo,Lenovo Legion,15.6,Core I7 11800H,32,Windows 11 Home,4.6,2299.0
3153,Apple,MacBook Air,13.0,Core i5,8,macOS 10.12 Sierra,4.4,1248.0
3155,Dell,XPS 13 (9360),13.3,Core i5,8,Windows 10,3.2,724.81
3156,Lenovo,Flex 15,15.6,Core i7,8,Windows 10,4.5,659.9
3160,MSI,Vector GP66 12UGS-267,15.66,Intel Core i9,32,Windows 11 Home,5.0,1599.0
3161,MSI,Stealth GS66 12UGS-025,15.6,Intel Core i9,32,Windows 11 Home,1.0,1699.0
3163,ASUS,ZenBook Pro,15.6,Core i7,8,Windows 10 Pro,3.7,1499.0
3164,Lenovo,Lenovo ThinkPad,14.0,1.2GHz Cortex A8 Processor,8,Windows 10,4.2,499.0
3167,MSI,Vector GP66 12UGS-267,15.66,Intel Core i9,32,Windows 11 Home,5.0,1599.0
3168,MSI,Stealth GS66 12UGS-025,15.6,Intel Core i9,32,Windows 11 Home,1.0,1699.0
3170,Dell,XPS,15.6,Core i7 Family,32,Windows 10 Home,3.2,1799.81
3171,Dell,Dell Inspiron,15.6,Intel Core i5,32,Windows 10 Home,4.4,745.99
3172,Lenovo,Lenovo Ideapad,10.0,8032,8,Windows 10 Home,4.4,495.0
3173,Lenovo,ThinkPad X1 Extreme,15.6,Intel Core i7,16,Windows 10 Pro,3.6,2299.0
3174,HP,HP 255 G5,15.6,AMD A Series,8,Windows 10 Home 64,3.6,429.99
3185,MSI,Vector GP66 12UGS-267,15.66,Intel Core i9,32,Windows 11 Home,5.0,1599.0
3186,MSI,Stealth GS66 12UGS-025,15.6,Intel Core i9,32,Windows 11 Home,1.0,1699.0
3197,MSI,Vector GP66 12UGS-267,15.66,Intel Core i9,32,Windows 11 Home,5.0,1599.0
3198,MSI,Stealth GS66 12UGS-025,15.6,Intel Core i9,32,Windows 11 Home,1.0,1699.0
3210,MSI,Vector GP66 12UGS-267,15.66,Intel Core i9,32,Windows 11 Home,5.0,1599.0
3211,MSI,Stealth GS66 12UGS-025,15.6,Intel Core i9,32,Windows 11 Home,1.0,1699.0
3242,MSI,Vector GP66 12UGS-267,15.66,Intel Core i9,32,Windows 11 Home,5.0,1599.0
3243,MSI,Stealth GS66 12UGS-025,15.6,Intel Core i9,32,Windows 11 Home,1.0,1699.0
3251,MSI,Vector GP66 12UGS-267,15.66,Intel Core i9,32,Windows 11 Home,5.0,1599.0
3252,MSI,Stealth GS66 12UGS-025,15.6,Intel Core i9,32,Windows 11 Home,1.0,1699.0
3282,MSI,Vector GP66 12UGS-267,15.66,Intel Core i9,32,Windows 11 Home,5.0,1599.0
3283,MSI,Stealth GS66 12UGS-025,15.6,Intel Core i9,32,Windows 11 Home,1.0,1699.0
3292,Dell,Latitude Rugged Extreme 7330 Laptop,13.3,Core i5,8,Windows 11 Pro,5.0,2031.8
3314,MSI,Vector GP66 12UGS-267,15.66,Intel Core i9,32,Windows 11 Home,5.0,1599.0
3315,MSI,Stealth GS66 12UGS-025,15.6,Intel Core i9,32,Windows 11 Home,1.0,1699.0
3345,MSI,Vector GP66 12UGS-267,15.66,Intel Core i9,32,Windows 11 Home,5.0,1599.0
3346,MSI,Stealth GS66 12UGS-025,15.6,Intel Core i9,32,Windows 11 Home,1.0,1699.0
3375,MSI,Vector GP66 12UGS-267,15.66,Intel Core i9,32,Windows 11 Home,5.0,1599.0
3376,MSI,Stealth GS66 12UGS-025,15.6,Intel Core i9,32,Windows 11 Home,1.0,1699.0
3406,MSI,Vector GP66 12UGS-267,15.66,Intel Core i9,32,Windows 11 Home,5.0,1599.0
3407,MSI,Stealth GS66 12UGS-025,15.6,Intel Core i9,32,Windows 11 Home,1.0,1699.0
3425,MSI,Vector GP66 12UGS-267,15.66,Intel Core i9,32,Windows 11 Home,5.0,1599.0
3426,MSI,Stealth GS66 12UGS-025,15.6,Intel Core i9,32,Windows 11 Home,1.0,1699.0
3446,MSI,Vector GP66 12UGS-267,15.66,Intel Core i9,32,Windows 11 Home,5.0,1599.0
3447,MSI,Stealth GS66 12UGS-025,15.6,Intel Core i9,32,Windows 11 Home,1.0,1699.0
3479,MSI,Vector GP66 12UGS-267,15.66,Intel Core i9,32,Windows 11 Home,5.0,1599.0
3480,MSI,Stealth GS66 12UGS-025,15.6,Intel Core i9,32,Windows 11 Home,1.0,1699.0
3510,MSI,Vector GP66 12UGS-267,15.66,Intel Core i9,32,Windows 11 Home,5.0,1599.0
3511,MSI,Stealth GS66 12UGS-025,15.6,Intel Core i9,32,Windows 11 Home,1.0,1699.0
3541,MSI,Vector GP66 12UGS-267,15.66,Intel Core i9,32,Windows 11 Home,5.0,1599.0
3542,MSI,Stealth GS66 12UGS-025,15.6,Intel Core i9,32,Windows 11 Home,1.0,1699.0
3572,MSI,Vector GP66 12UGS-267,15.66,Intel Core i9,32,Windows 11 Home,5.0,1599.0
3573,MSI,Stealth GS66 12UGS-025,15.6,Intel Core i9,32,Windows 11 Home,1.0,1699.0
3604,MSI,Vector GP66 12UGS-267,15.66,Intel Core i9,32,Windows 11 Home,5.0,1599.0
3605,MSI,Stealth GS66 12UGS-025,15.6,Intel Core i9,32,Windows 11 Home,1.0,1699.0
3613,MSI,Vector GP66 12UGS-267,15.66,Intel Core i9,32,Windows 11 Home,5.0,1599.0
3614,MSI,Stealth GS66 12UGS-025,15.6,Intel Core i9,32,Windows 11 Home,1.0,1699.0
3627,MSI,Vector GP66 12UGS-267,15.66,Intel Core i9,32,Windows 11 Home,5.0,1599.0
3628,MSI,Stealth GS66 12UGS-025,15.6,Intel Core i9,32,Windows 11 Home,1.0,1699.0
3633,MSI,Vector GP66 12UGS-267,15.66,Intel Core i9,32,Windows 11 Home,5.0,1599.0
3634,MSI,Stealth GS66 12UGS-025,15.6,Intel Core i9,32,Windows 11 Home,1.0,1699.0
3664,MSI,Vector GP66 12UGS-267,15.66,Intel Core i9,32,Windows 11 Home,5.0,1599.0
3665,MSI,Stealth GS66 12UGS-025,15.6,Intel Core i9,32,Windows 11 Home,1.0,1699.0
3690,MSI,Vector GP66 12UGS-267,15.66,Intel Core i9,32,Windows 11 Home,5.0,1599.0
3691,MSI,Stealth GS66 12UGS-025,15.6,Intel Core i9,32,Windows 11 Home,1.0,1699.0
3720,MSI,Vector GP66 12UGS-267,15.66,Intel Core i9,32,Windows 11 Home,5.0,1599.0
3721,MSI,Stealth GS66 12UGS-025,15.6,Intel Core i9,32,Windows 11 Home,1.0,1699.0
3730,MSI,Vector GP66 12UGS-267,15.66,Intel Core i9,32,Windows 11 Home,5.0,1599.0
3731,MSI,Stealth GS66 12UGS-025,15.6,Intel Core i9,32,Windows 11 Home,1.0,1699.0
3750,MSI,Vector GP66 12UGS-267,15.66,Intel Core i9,32,Windows 11 Home,5.0,1599.0
3751,MSI,Stealth GS66 12UGS-025,15.6,Intel Core i9,32,Windows 11 Home,1.0,1699.0
3765,MSI,Vector GP66 12UGS-267,15.66,Intel Core i9,32,Windows 11 Home,5.0,1599.0
3766,MSI,Stealth GS66 12UGS-025,15.6,Intel Core i9,32,Windows 11 Home,1.0,1699.0
3797,MSI,Vector GP66 12UGS-267,15.66,Intel Core i9,32,Windows 11 Home,5.0,1599.0
3798,MSI,Stealth GS66 12UGS-025,15.6,Intel Core i9,32,Windows 11 Home,1.0,1699.0
3824,MSI,Vector GP66 12UGS-267,15.66,Intel Core i9,32,Windows 11 Home,5.0,1599.0
3825,MSI,Stealth GS66 12UGS-025,15.6,Intel Core i9,32,Windows 11 Home,1.0,1699.0
3855,MSI,Vector GP66 12UGS-267,15.66,Intel Core i9,32,Windows 11 Home,5.0,1599.0
3856,MSI,Stealth GS66 12UGS-025,15.6,Intel Core i9,32,Windows 11 Home,1.0,1699.0
3858,MSI,Vector GP66 12UGS-267,15.66,Intel Core i9,32,Windows 11 Home,5.0,1599.0
3859,MSI,Stealth GS66 12UGS-025,15.6,Intel Core i9,32,Windows 11 Home,1.0,1699.0
3889,MSI,Vector GP66 12UGS-267,15.66,Intel Core i9,32,Windows 11 Home,5.0,1599.0
3890,MSI,Stealth GS66 12UGS-025,15.6,Intel Core i9,32,Windows 11 Home,1.0,1699.0
3898,MSI,Vector GP66 12UGS-267,15.66,Intel Core i9,32,Windows 11 Home,5.0,1599.0
3899,MSI,Stealth GS66 12UGS-025,15.6,Intel Core i9,32,Windows 11 Home,1.0,1699.0
3908,MSI,Vector GP66 12UGS-267,15.66,Intel Core i9,32,Windows 11 Home,5.0,1599.0
3909,MSI,Stealth GS66 12UGS-025,15.6,Intel Core i9,32,Windows 11 Home,1.0,1699.0
3938,MSI,Vector GP66 12UGS-267,15.66,Intel Core i9,32,Windows 11 Home,5.0,1599.0
3939,MSI,Stealth GS66 12UGS-025,15.6,Intel Core i9,32,Windows 11 Home,1.0,1699.0
3967,MSI,Vector GP66 12UGS-267,15.66,Intel Core i9,32,Windows 11 Home,5.0,1599.0
3968,MSI,Stealth GS66 12UGS-025,15.6,Intel Core i9,32,Windows 11 Home,1.0,1699.0
3995,MSI,Vector GP66 12UGS-267,15.66,Intel Core i9,32,Windows 11 Home,5.0,1599.0
3996,MSI,Stealth GS66 12UGS-025,15.6,Intel Core i9,32,Windows 11 Home,1.0,1699.0
4024,MSI,Vector GP66 12UGS-267,15.66,Intel Core i9,32,Windows 11 Home,5.0,1599.0
4025,MSI,Stealth GS66 12UGS-025,15.6,Intel Core i9,32,Windows 11 Home,1.0,1699.0
4054,MSI,Vector GP66 12UGS-267,15.66,Intel Core i9,32,Windows 11 Home,5.0,1599.0
4055,MSI,Stealth GS66 12UGS-025,15.6,Intel Core i9,32,Windows 11 Home,1.0,1699.0
4083,MSI,Vector GP66 12UGS-267,15.66,Intel Core i9,32,Windows 11 Home,5.0,1599.0
4084,MSI,Stealth GS66 12UGS-025,15.6,Intel Core i9,32,Windows 11 Home,1.0,1699.0
4112,MSI,Vector GP66 12UGS-267,15.66,Intel Core i9,32,Windows 11 Home,5.0,1599.0
4113,MSI,Stealth GS66 12UGS-025,15.6,Intel Core i9,32,Windows 11 Home,1.0,1699.0
4142,MSI,Vector GP66 12UGS-267,15.66,Intel Core i9,32,Windows 11 Home,5.0,1599.0
4143,MSI,Stealth GS66 12UGS-025,15.6,Intel Core i9,32,Windows 11 Home,1.0,1699.0
4169,MSI,Vector GP66 12UGS-267,15.66,Intel Core i9,32,Windows 11 Home,5.0,1599.0
4170,MSI,Stealth GS66 12UGS-025,15.6,Intel Core i9,32,Windows 11 Home,1.0,1699.0
4197,MSI,Vector GP66 12UGS-267,15.66,Intel Core i9,32,Windows 11 Home,5.0,1599.0
4198,MSI,Stealth GS66 12UGS-025,15.6,Intel Core i9,32,Windows 11 Home,1.0,1699.0
4225,MSI,Vector GP66 12UGS-267,15.66,Intel Core i9,32,Windows 11 Home,5.0,1599.0
4226,MSI,Stealth GS66 12UGS-025,15.6,Intel Core i9,32,Windows 11 Home,1.0,1699.0
4248,MSI,Vector GP66 12UGS-267,15.66,Intel Core i9,32,Windows 11 Home,5.0,1599.0
4249,MSI,Stealth GS66 12UGS-025,15.6,Intel Core i9,32,Windows 11 Home,1.0,1699.0
4274,MSI,Vector GP66 12UGS-267,15.66,Intel Core i9,32,Windows 11 Home,5.0,1599.0
4275,MSI,Stealth GS66 12UGS-025,15.6,Intel Core i9,32,Windows 11 Home,1.0,1699.0
4291,MSI,Vector GP66 12UGS-267,15.66,Intel Core i9,32,Windows 11 Home,5.0,1599.0
4292,MSI,Stealth GS66 12UGS-025,15.6,Intel Core i9,32,Windows 11 Home,1.0,1699.0
4295,Lenovo,Legion 5,15.6,Ryzen 7,16,Windows 11 Pro,5.0,2169.99
4303,MSI,Vector GP66 12UGS-267,15.66,Intel Core i9,32,Windows 11 Home,5.0,1599.0
4304,MSI,Stealth GS66 12UGS-025,15.6,Intel Core i9,32,Windows 11 Home,1.0,1699.0
4322,MSI,Vector GP66 12UGS-267,15.66,Intel Core i9,32,Windows 11 Home,5.0,1599.0
4323,MSI,Stealth GS66 12UGS-025,15.6,Intel Core i9,32,Windows 11 Home,1.0,1699.0
4343,MSI,Vector GP66 12UGS-267,15.66,Intel Core i9,32,Windows 11 Home,5.0,1599.0
4344,MSI,Stealth GS66 12UGS-025,15.6,Intel Core i9,32,Windows 11 Home,1.0,1699.0
4364,MSI,Vector GP66 12UGS-267,15.66,Intel Core i9,32,Windows 11 Home,5.0,1599.0
4365,MSI,Stealth GS66 12UGS-025,15.6,Intel Core i9,32,Windows 11 Home,1.0,1699.0
4373,MSI,Vector GP66 12UGS-267,15.66,Intel Core i9,32,Windows 11 Home,5.0,1599.0
4374,MSI,Stealth GS66 12UGS-025,15.6,Intel Core i9,32,Windows 11 Home,1.0,1699.0
4386,MSI,Vector GP66 12UGS-267,15.66,Intel Core i9,32,Windows 11 Home,5.0,1599.0
4387,MSI,Stealth GS66 12UGS-025,15.6,Intel Core i9,32,Windows 11 Home,1.0,1699.0
4401,MSI,Vector GP66 12UGS-267,15.66,Intel Core i9,32,Windows 11 Home,5.0,1599.0
4402,MSI,Stealth GS66 12UGS-025,15.6,Intel Core i9,32,Windows 11 Home,1.0,1699.0
4424,MSI,Vector GP66 12UGS-267,15.66,Intel Core i9,32,Windows 11 Home,5.0,1599.0
4425,MSI,Stealth GS66 12UGS-025,15.6,Intel Core i9,32,Windows 11 Home,1.0,1699.0
4432,Dell,Latitude 7420 Laptop,14.0,Core i7,16,Windows 10 Pro,4.0,1528.99
4438,MSI,Vector GP66 12UGS-267,15.66,Intel Core i9,32,Windows 11 Home,5.0,1599.0
4439,MSI,Stealth GS66 12UGS-025,15.6,Intel Core i9,32,Windows 11 Home,1.0,1699.0
4440,MSI,Vector GP66 12UGS-267,15.66,Intel Core i9,32,Windows 11 Home,5.0,1599.0
4441,MSI,Stealth GS66 12UGS-025,15.6,Intel Core i9,32,Windows 11 Home,1.0,1699.0
